source_site,source_type,article_id,article_url,article_title,target_brand,target_flavor_raw,target_flavor_normalized,table_index,row_index,cell_index,header_cell_text,source_heading,source_text,recommended_flavor_raw,recommended_flavor_normalized,directed_pair_key,mix_pair_key,extraction_status,exclusion_reason,is_valid_pair,is_self_pair,is_duplicate_pair
shisha_lagos,editorial_review,lagos_af-watermelon-review,https://shisha-lagos.com/af-watermelon-review/,Al Fakherスイカのフレーバーレビュー|特徴やおすすめミックスなど,Al Fakher,スイカ,,3,2,1,フルーツ系,Al Fakherスイカのおすすめミックス,レモン/オレンジ ライム/グアバ メロン/マンゴー,レモン,レモン,,,unresolved,target_flavor_unregistered,False,False,False
shisha_lagos,editorial_review,lagos_af-watermelon-review,https://shisha-lagos.com/af-watermelon-review/,Al Fakherスイカのフレーバーレビュー|特徴やおすすめミックスなど,Al Fakher,スイカ,,3,2,1,フルーツ系,Al Fakherスイカのおすすめミックス,レモン/オレンジ ライム/グアバ メロン/マンゴー,オレンジ,オレンジ,,,unresolved,target_flavor_unregistered,False,False,False
shisha_lagos,editorial_review,lagos_af-watermelon-review,https://shisha-lagos.com/af-watermelon-review/,Al Fakherスイカのフレーバーレビュー|特徴やおすすめミックスなど,Al Fakher,スイカ,,3,2,1,フルーツ系,Al Fakherスイカのおすすめミックス,レモン/オレンジ ライム/グアバ メロン/マンゴー,ライム,ライム,,,unresolved,target_flavor_unregistered,False,False,False
shisha_lagos,editorial_review,lagos_af-watermelon-review,https://shisha-lagos.com/af-watermelon-review/,Al Fakherスイカのフレーバーレビュー|特徴やおすすめミックスなど,Al Fakher,スイカ,,3,2,1,フルーツ系,Al Fakherスイカのおすすめミックス,レモン/オレンジ ライム/グアバ メロン/マンゴー,グアバ,グアバ,,,unresolved,target_flavor_unregistered,False,False,False
shisha_lagos,editorial_review,lagos_af-watermelon-review,https://shisha-lagos.com/af-watermelon-review/,Al Fakherスイカのフレーバーレビュー|特徴やおすすめミックスなど,Al Fakher,スイカ,,3,2,1,フルーツ系,Al Fakherスイカのおすすめミックス,レモン/オレンジ ライム/グアバ メロン/マンゴー,メロン,メロン,,,unresolved,target_flavor_unregistered,False,False,False
shisha_lagos,editorial_review,lagos_af-watermelon-review,https://shisha-lagos.com/af-watermelon-review/,Al Fakherスイカのフレーバーレビュー|特徴やおすすめミックスなど,Al Fakher,スイカ,,3,2,1,フルーツ系,Al Fakherスイカのおすすめミックス,レモン/オレンジ ライム/グアバ メロン/マンゴー,マンゴー,マンゴー,,,unresolved,target_flavor_unregistered,False,False,False
shisha_lagos,editorial_review,lagos_af-watermelon-review,https://shisha-lagos.com/af-watermelon-review/,Al Fakherスイカのフレーバーレビュー|特徴やおすすめミックスなど,Al Fakher,スイカ,,3,2,2,スイーツ系,Al Fakherスイカのおすすめミックス,バニラ チョコレート,バニラ,バニラ,,,unresolved,target_flavor_unregistered,False,False,False
shisha_lagos,editorial_review,lagos_af-watermelon-review,https://shisha-lagos.com/af-watermelon-review/,Al Fakherスイカのフレーバーレビュー|特徴やおすすめミックスなど,Al Fakher,スイカ,,3,2,2,スイーツ系,Al Fakherスイカのおすすめミックス,バニラ チョコレート,チョコレート,チョコレート,,,unresolved,target_flavor_unregistered,False,False,False
shisha_lagos,editorial_review,lagos_af-watermelon-review,https://shisha-lagos.com/af-watermelon-review/,Al Fakherスイカのフレーバーレビュー|特徴やおすすめミックスなど,Al Fakher,スイカ,,3,2,3,スパイス系,Al Fakherスイカのおすすめミックス,カルダモン シナモン,カルダモン,カルダモン,,,unresolved,target_flavor_unregistered,False,False,False
shisha_lagos,editorial_review,lagos_af-watermelon-review,https://shisha-lagos.com/af-watermelon-review/,Al Fakherスイカのフレーバーレビュー|特徴やおすすめミックスなど,Al Fakher,スイカ,,3,2,3,スパイス系,Al Fakherスイカのおすすめミックス,カルダモン シナモン,シナモン,シナモン,,,unresolved,target_flavor_unregistered,False,False,False
shisha_lagos,editorial_review,lagos_af-coconut-review,https://shisha-lagos.com/af-coconut-review/,Al Fakherココナッツのフレーバーレビュー|特徴やおすすめミックスなど,Al Fakher,ココナッツ,ココナッツ,3,2,1,フルーツ系,Al Fakherココナッツのおすすめミックス,ピーチ/マンゴー パイン/ライチ ストロベリー/レモン ブルーベリー/メロン ライム,ピーチ,ピーチ,ココナッツ -> ピーチ,ココナッツ||ピーチ,ok,,True,False,False
shisha_lagos,editorial_review,lagos_af-coconut-review,https://shisha-lagos.com/af-coconut-review/,Al Fakherココナッツのフレーバーレビュー|特徴やおすすめミックスなど,Al Fakher,ココナッツ,ココナッツ,3,2,1,フルーツ系,Al Fakherココナッツのおすすめミックス,ピーチ/マンゴー パイン/ライチ ストロベリー/レモン ブルーベリー/メロン ライム,マンゴー,マンゴー,ココナッツ -> マンゴー,ココナッツ||マンゴー,ok,,True,False,False
shisha_lagos,editorial_review,lagos_af-coconut-review,https://shisha-lagos.com/af-coconut-review/,Al Fakherココナッツのフレーバーレビュー|特徴やおすすめミックスなど,Al Fakher,ココナッツ,ココナッツ,3,2,1,フルーツ系,Al Fakherココナッツのおすすめミックス,ピーチ/マンゴー パイン/ライチ ストロベリー/レモン ブルーベリー/メロン ライム,パイン,,,,unresolved,recommended_flavor_unregistered,False,False,False
shisha_lagos,editorial_review,lagos_af-coconut-review,https://shisha-lagos.com/af-coconut-review/,Al Fakherココナッツのフレーバーレビュー|特徴やおすすめミックスなど,Al Fakher,ココナッツ,ココナッツ,3,2,1,フルーツ系,Al Fakherココナッツのおすすめミックス,ピーチ/マンゴー パイン/ライチ ストロベリー/レモン ブルーベリー/メロン ライム,ライチ,ライチ,ココナッツ -> ライチ,ココナッツ||ライチ,ok,,True,False,False
shisha_lagos,editorial_review,lagos_af-coconut-review,https://shisha-lagos.com/af-coconut-review/,Al Fakherココナッツのフレーバーレビュー|特徴やおすすめミックスなど,Al Fakher,ココナッツ,ココナッツ,3,2,1,フルーツ系,Al Fakherココナッツのおすすめミックス,ピーチ/マンゴー パイン/ライチ ストロベリー/レモン ブルーベリー/メロン ライム,ストロベリー,ストロベリー,ココナッツ -> ストロベリー,ココナッツ||ストロベリー,ok,,True,False,False
shisha_lagos,editorial_review,lagos_af-coconut-review,https://shisha-lagos.com/af-coconut-review/,Al Fakherココナッツのフレーバーレビュー|特徴やおすすめミックスなど,Al Fakher,ココナッツ,ココナッツ,3,2,1,フルーツ系,Al Fakherココナッツのおすすめミックス,ピーチ/マンゴー パイン/ライチ ストロベリー/レモン ブルーベリー/メロン ライム,レモン,レモン,ココナッツ -> レモン,ココナッツ||レモン,ok,,True,False,False
shisha_lagos,editorial_review,lagos_af-coconut-review,https://shisha-lagos.com/af-coconut-review/,Al Fakherココナッツのフレーバーレビュー|特徴やおすすめミックスなど,Al Fakher,ココナッツ,ココナッツ,3,2,1,フルーツ系,Al Fakherココナッツのおすすめミックス,ピーチ/マンゴー パイン/ライチ ストロベリー/レモン ブルーベリー/メロン ライム,ブルーベリー,ブルーベリー,ココナッツ -> ブルーベリー,ココナッツ||ブルーベリー,ok,,True,False,False
shisha_lagos,editorial_review,lagos_af-coconut-review,https://shisha-lagos.com/af-coconut-review/,Al Fakherココナッツのフレーバーレビュー|特徴やおすすめミックスなど,Al Fakher,ココナッツ,ココナッツ,3,2,1,フルーツ系,Al Fakherココナッツのおすすめミックス,ピーチ/マンゴー パイン/ライチ ストロベリー/レモン ブルーベリー/メロン ライム,メロン,メロン,ココナッツ -> メロン,ココナッツ||メロン,ok,,True,False,False
shisha_lagos,editorial_review,lagos_af-coconut-review,https://shisha-lagos.com/af-coconut-review/,Al Fakherココナッツのフレーバーレビュー|特徴やおすすめミックスなど,Al Fakher,ココナッツ,ココナッツ,3,2,1,フルーツ系,Al Fakherココナッツのおすすめミックス,ピーチ/マンゴー パイン/ライチ ストロベリー/レモン ブルーベリー/メロン ライム,ライム,ライム,ココナッツ -> ライム,ココナッツ||ライム,ok,,True,False,False
shisha_lagos,editorial_review,lagos_af-coconut-review,https://shisha-lagos.com/af-coconut-review/,Al Fakherココナッツのフレーバーレビュー|特徴やおすすめミックスなど,Al Fakher,ココナッツ,ココナッツ,3,2,2,スイーツ系,Al Fakherココナッツのおすすめミックス,バニラ/ミルク キャラメル/コーヒー チョコレート,バニラ,バニラ,ココナッツ -> バニラ,ココナッツ||バニラ,ok,,True,False,False
shisha_lagos,editorial_review,lagos_af-coconut-review,https://shisha-lagos.com/af-coconut-review/,Al Fakherココナッツのフレーバーレビュー|特徴やおすすめミックスなど,Al Fakher,ココナッツ,ココナッツ,3,2,2,スイーツ系,Al Fakherココナッツのおすすめミックス,バニラ/ミルク キャラメル/コーヒー チョコレート,ミルク,ミルク,ココナッツ -> ミルク,ココナッツ||ミルク,ok,,True,False,False
shisha_lagos,editorial_review,lagos_af-coconut-review,https://shisha-lagos.com/af-coconut-review/,Al Fakherココナッツのフレーバーレビュー|特徴やおすすめミックスなど,Al Fakher,ココナッツ,ココナッツ,3,2,2,スイーツ系,Al Fakherココナッツのおすすめミックス,バニラ/ミルク キャラメル/コーヒー チョコレート,キャラメル,キャラメル,ココナッツ -> キャラメル,キャラメル||ココナッツ,ok,,True,False,False
shisha_lagos,editorial_review,lagos_af-coconut-review,https://shisha-lagos.com/af-coconut-review/,Al Fakherココナッツのフレーバーレビュー|特徴やおすすめミックスなど,Al Fakher,ココナッツ,ココナッツ,3,2,2,スイーツ系,Al Fakherココナッツのおすすめミックス,バニラ/ミルク キャラメル/コーヒー チョコレート,コーヒー,,,,unresolved,recommended_flavor_unregistered,False,False,False
shisha_lagos,editorial_review,lagos_af-coconut-review,https://shisha-lagos.com/af-coconut-review/,Al Fakherココナッツのフレーバーレビュー|特徴やおすすめミックスなど,Al Fakher,ココナッツ,ココナッツ,3,2,2,スイーツ系,Al Fakherココナッツのおすすめミックス,バニラ/ミルク キャラメル/コーヒー チョコレート,チョコレート,チョコレート,ココナッツ -> チョコレート,ココナッツ||チョコレート,ok,,True,False,False
shisha_lagos,editorial_review,lagos_af-coconut-review,https://shisha-lagos.com/af-coconut-review/,Al Fakherココナッツのフレーバーレビュー|特徴やおすすめミックスなど,Al Fakher,ココナッツ,ココナッツ,3,2,3,スパイス/フローラル系,Al Fakherココナッツのおすすめミックス,カルダモン ジンジャーエール アールグレイ シナモン,カルダモン,カルダモン,ココナッツ -> カルダモン,カルダモン||ココナッツ,ok,,True,False,False
shisha_lagos,editorial_review,lagos_af-coconut-review,https://shisha-lagos.com/af-coconut-review/,Al Fakherココナッツのフレーバーレビュー|特徴やおすすめミックスなど,Al Fakher,ココナッツ,ココナッツ,3,2,3,スパイス/フローラル系,Al Fakherココナッツのおすすめミックス,カルダモン ジンジャーエール アールグレイ シナモン,ジンジャーエール,ジンジャーエール,ココナッツ -> ジンジャーエール,ココナッツ||ジンジャーエール,ok,,True,False,False
shisha_lagos,editorial_review,lagos_af-coconut-review,https://shisha-lagos.com/af-coconut-review/,Al Fakherココナッツのフレーバーレビュー|特徴やおすすめミックスなど,Al Fakher,ココナッツ,ココナッツ,3,2,3,スパイス/フローラル系,Al Fakherココナッツのおすすめミックス,カルダモン ジンジャーエール アールグレイ シナモン,アールグレイ,アールグレイ,ココナッツ -> アールグレイ,アールグレイ||ココナッツ,ok,,True,False,False
shisha_lagos,editorial_review,lagos_af-coconut-review,https://shisha-lagos.com/af-coconut-review/,Al Fakherココナッツのフレーバーレビュー|特徴やおすすめミックスなど,Al Fakher,ココナッツ,ココナッツ,3,2,3,スパイス/フローラル系,Al Fakherココナッツのおすすめミックス,カルダモン ジンジャーエール アールグレイ シナモン,シナモン,シナモン,ココナッツ -> シナモン,ココナッツ||シナモン,ok,,True,False,False
shisha_lagos,editorial_review,lagos_af-orange-review,https://shisha-lagos.com/af-orange-review/,Al Fakherオレンジのフレーバーレビュー|特徴やおすすめミックスをご紹介,Al Fakher,オレンジ,オレンジ,3,2,1,フルーツ系,Al Fakherオレンジのおすすめミックス,レモン/ライム グレープフルーツ パッションフルーツ グアバ/マンゴー ピーチ/グレナデン パイン/りんご メロン,レモン,レモン,オレンジ -> レモン,オレンジ||レモン,ok,,True,False,False
shisha_lagos,editorial_review,lagos_af-orange-review,https://shisha-lagos.com/af-orange-review/,Al Fakherオレンジのフレーバーレビュー|特徴やおすすめミックスをご紹介,Al Fakher,オレンジ,オレンジ,3,2,1,フルーツ系,Al Fakherオレンジのおすすめミックス,レモン/ライム グレープフルーツ パッションフルーツ グアバ/マンゴー ピーチ/グレナデン パイン/りんご メロン,ライム,ライム,オレンジ -> ライム,オレンジ||ライム,ok,,True,False,False
shisha_lagos,editorial_review,lagos_af-orange-review,https://shisha-lagos.com/af-orange-review/,Al Fakherオレンジのフレーバーレビュー|特徴やおすすめミックスをご紹介,Al Fakher,オレンジ,オレンジ,3,2,1,フルーツ系,Al Fakherオレンジのおすすめミックス,レモン/ライム グレープフルーツ パッションフルーツ グアバ/マンゴー ピーチ/グレナデン パイン/りんご メロン,グレープフルーツ,グレープフルーツ,オレンジ -> グレープフルーツ,オレンジ||グレープフルーツ,ok,,True,False,False
shisha_lagos,editorial_review,lagos_af-orange-review,https://shisha-lagos.com/af-orange-review/,Al Fakherオレンジのフレーバーレビュー|特徴やおすすめミックスをご紹介,Al Fakher,オレンジ,オレンジ,3,2,1,フルーツ系,Al Fakherオレンジのおすすめミックス,レモン/ライム グレープフルーツ パッションフルーツ グアバ/マンゴー ピーチ/グレナデン パイン/りんご メロン,パッションフルーツ,パッションフルーツ,オレンジ -> パッションフルーツ,オレンジ||パッションフルーツ,ok,,True,False,False
shisha_lagos,editorial_review,lagos_af-orange-review,https://shisha-lagos.com/af-orange-review/,Al Fakherオレンジのフレーバーレビュー|特徴やおすすめミックスをご紹介,Al Fakher,オレンジ,オレンジ,3,2,1,フルーツ系,Al Fakherオレンジのおすすめミックス,レモン/ライム グレープフルーツ パッションフルーツ グアバ/マンゴー ピーチ/グレナデン パイン/りんご メロン,グアバ,グアバ,オレンジ -> グアバ,オレンジ||グアバ,ok,,True,False,False
shisha_lagos,editorial_review,lagos_af-orange-review,https://shisha-lagos.com/af-orange-review/,Al Fakherオレンジのフレーバーレビュー|特徴やおすすめミックスをご紹介,Al Fakher,オレンジ,オレンジ,3,2,1,フルーツ系,Al Fakherオレンジのおすすめミックス,レモン/ライム グレープフルーツ パッションフルーツ グアバ/マンゴー ピーチ/グレナデン パイン/りんご メロン,マンゴー,マンゴー,オレンジ -> マンゴー,オレンジ||マンゴー,ok,,True,False,False
shisha_lagos,editorial_review,lagos_af-orange-review,https://shisha-lagos.com/af-orange-review/,Al Fakherオレンジのフレーバーレビュー|特徴やおすすめミックスをご紹介,Al Fakher,オレンジ,オレンジ,3,2,1,フルーツ系,Al Fakherオレンジのおすすめミックス,レモン/ライム グレープフルーツ パッションフルーツ グアバ/マンゴー ピーチ/グレナデン パイン/りんご メロン,ピーチ,ピーチ,オレンジ -> ピーチ,オレンジ||ピーチ,ok,,True,False,False
shisha_lagos,editorial_review,lagos_af-orange-review,https://shisha-lagos.com/af-orange-review/,Al Fakherオレンジのフレーバーレビュー|特徴やおすすめミックスをご紹介,Al Fakher,オレンジ,オレンジ,3,2,1,フルーツ系,Al Fakherオレンジのおすすめミックス,レモン/ライム グレープフルーツ パッションフルーツ グアバ/マンゴー ピーチ/グレナデン パイン/りんご メロン,グレナデン,,,,unresolved,recommended_flavor_unregistered,False,False,False
shisha_lagos,editorial_review,lagos_af-orange-review,https://shisha-lagos.com/af-orange-review/,Al Fakherオレンジのフレーバーレビュー|特徴やおすすめミックスをご紹介,Al Fakher,オレンジ,オレンジ,3,2,1,フルーツ系,Al Fakherオレンジのおすすめミックス,レモン/ライム グレープフルーツ パッションフルーツ グアバ/マンゴー ピーチ/グレナデン パイン/りんご メロン,パイン,,,,unresolved,recommended_flavor_unregistered,False,False,False
shisha_lagos,editorial_review,lagos_af-orange-review,https://shisha-lagos.com/af-orange-review/,Al Fakherオレンジのフレーバーレビュー|特徴やおすすめミックスをご紹介,Al Fakher,オレンジ,オレンジ,3,2,1,フルーツ系,Al Fakherオレンジのおすすめミックス,レモン/ライム グレープフルーツ パッションフルーツ グアバ/マンゴー ピーチ/グレナデン パイン/りんご メロン,りんご,,,,unresolved,recommended_flavor_unregistered,False,False,False
shisha_lagos,editorial_review,lagos_af-orange-review,https://shisha-lagos.com/af-orange-review/,Al Fakherオレンジのフレーバーレビュー|特徴やおすすめミックスをご紹介,Al Fakher,オレンジ,オレンジ,3,2,1,フルーツ系,Al Fakherオレンジのおすすめミックス,レモン/ライム グレープフルーツ パッションフルーツ グアバ/マンゴー ピーチ/グレナデン パイン/りんご メロン,メロン,メロン,オレンジ -> メロン,オレンジ||メロン,ok,,True,False,False
shisha_lagos,editorial_review,lagos_af-orange-review,https://shisha-lagos.com/af-orange-review/,Al Fakherオレンジのフレーバーレビュー|特徴やおすすめミックスをご紹介,Al Fakher,オレンジ,オレンジ,3,2,2,スイーツ系,Al Fakherオレンジのおすすめミックス,バニラ/ミルク チョコレート,バニラ,バニラ,オレンジ -> バニラ,オレンジ||バニラ,ok,,True,False,False
shisha_lagos,editorial_review,lagos_af-orange-review,https://shisha-lagos.com/af-orange-review/,Al Fakherオレンジのフレーバーレビュー|特徴やおすすめミックスをご紹介,Al Fakher,オレンジ,オレンジ,3,2,2,スイーツ系,Al Fakherオレンジのおすすめミックス,バニラ/ミルク チョコレート,ミルク,ミルク,オレンジ -> ミルク,オレンジ||ミルク,ok,,True,False,False
shisha_lagos,editorial_review,lagos_af-orange-review,https://shisha-lagos.com/af-orange-review/,Al Fakherオレンジのフレーバーレビュー|特徴やおすすめミックスをご紹介,Al Fakher,オレンジ,オレンジ,3,2,2,スイーツ系,Al Fakherオレンジのおすすめミックス,バニラ/ミルク チョコレート,チョコレート,チョコレート,オレンジ -> チョコレート,オレンジ||チョコレート,ok,,True,False,False
shisha_lagos,editorial_review,lagos_af-orange-review,https://shisha-lagos.com/af-orange-review/,Al Fakherオレンジのフレーバーレビュー|特徴やおすすめミックスをご紹介,Al Fakher,オレンジ,オレンジ,3,2,3,スパイス/フローラル系,Al Fakherオレンジのおすすめミックス,カルダモン シナモン ジンジャーエール アールグレイ ジャスミン,カルダモン,カルダモン,オレンジ -> カルダモン,オレンジ||カルダモン,ok,,True,False,False
shisha_lagos,editorial_review,lagos_af-orange-review,https://shisha-lagos.com/af-orange-review/,Al Fakherオレンジのフレーバーレビュー|特徴やおすすめミックスをご紹介,Al Fakher,オレンジ,オレンジ,3,2,3,スパイス/フローラル系,Al Fakherオレンジのおすすめミックス,カルダモン シナモン ジンジャーエール アールグレイ ジャスミン,シナモン,シナモン,オレンジ -> シナモン,オレンジ||シナモン,ok,,True,False,False
shisha_lagos,editorial_review,lagos_af-orange-review,https://shisha-lagos.com/af-orange-review/,Al Fakherオレンジのフレーバーレビュー|特徴やおすすめミックスをご紹介,Al Fakher,オレンジ,オレンジ,3,2,3,スパイス/フローラル系,Al Fakherオレンジのおすすめミックス,カルダモン シナモン ジンジャーエール アールグレイ ジャスミン,ジンジャーエール,ジンジャーエール,オレンジ -> ジンジャーエール,オレンジ||ジンジャーエール,ok,,True,False,False
shisha_lagos,editorial_review,lagos_af-orange-review,https://shisha-lagos.com/af-orange-review/,Al Fakherオレンジのフレーバーレビュー|特徴やおすすめミックスをご紹介,Al Fakher,オレンジ,オレンジ,3,2,3,スパイス/フローラル系,Al Fakherオレンジのおすすめミックス,カルダモン シナモン ジンジャーエール アールグレイ ジャスミン,アールグレイ,アールグレイ,オレンジ -> アールグレイ,アールグレイ||オレンジ,ok,,True,False,False
shisha_lagos,editorial_review,lagos_af-orange-review,https://shisha-lagos.com/af-orange-review/,Al Fakherオレンジのフレーバーレビュー|特徴やおすすめミックスをご紹介,Al Fakher,オレンジ,オレンジ,3,2,3,スパイス/フローラル系,Al Fakherオレンジのおすすめミックス,カルダモン シナモン ジンジャーエール アールグレイ ジャスミン,ジャスミン,ジャスミン,オレンジ -> ジャスミン,オレンジ||ジャスミン,ok,,True,False,False
shisha_lagos,editorial_review,lagos_af-mango-review,https://shisha-lagos.com/af-mango-review/,Al Fakherマンゴーのフレーバーレビュー|特徴やおすすめミックスをご紹介,Al Fakher,マンゴー,マンゴー,3,2,1,フルーツ系,Al Fakherマンゴーのおすすめミックス,ピーチ/グアバ レモン/オレンジ ゆず/グレープ パッションフルーツ パイン/ココナッツ,ピーチ,ピーチ,マンゴー -> ピーチ,ピーチ||マンゴー,ok,,True,False,False
shisha_lagos,editorial_review,lagos_af-mango-review,https://shisha-lagos.com/af-mango-review/,Al Fakherマンゴーのフレーバーレビュー|特徴やおすすめミックスをご紹介,Al Fakher,マンゴー,マンゴー,3,2,1,フルーツ系,Al Fakherマンゴーのおすすめミックス,ピーチ/グアバ レモン/オレンジ ゆず/グレープ パッションフルーツ パイン/ココナッツ,グアバ,グアバ,マンゴー -> グアバ,グアバ||マンゴー,ok,,True,False,False
shisha_lagos,editorial_review,lagos_af-mango-review,https://shisha-lagos.com/af-mango-review/,Al Fakherマンゴーのフレーバーレビュー|特徴やおすすめミックスをご紹介,Al Fakher,マンゴー,マンゴー,3,2,1,フルーツ系,Al Fakherマンゴーのおすすめミックス,ピーチ/グアバ レモン/オレンジ ゆず/グレープ パッションフルーツ パイン/ココナッツ,レモン,レモン,マンゴー -> レモン,マンゴー||レモン,ok,,True,False,False
shisha_lagos,editorial_review,lagos_af-mango-review,https://shisha-lagos.com/af-mango-review/,Al Fakherマンゴーのフレーバーレビュー|特徴やおすすめミックスをご紹介,Al Fakher,マンゴー,マンゴー,3,2,1,フルーツ系,Al Fakherマンゴーのおすすめミックス,ピーチ/グアバ レモン/オレンジ ゆず/グレープ パッションフルーツ パイン/ココナッツ,オレンジ,オレンジ,マンゴー -> オレンジ,オレンジ||マンゴー,ok,,True,False,False
shisha_lagos,editorial_review,lagos_af-mango-review,https://shisha-lagos.com/af-mango-review/,Al Fakherマンゴーのフレーバーレビュー|特徴やおすすめミックスをご紹介,Al Fakher,マンゴー,マンゴー,3,2,1,フルーツ系,Al Fakherマンゴーのおすすめミックス,ピーチ/グアバ レモン/オレンジ ゆず/グレープ パッションフルーツ パイン/ココナッツ,ゆず,,,,unresolved,recommended_flavor_unregistered,False,False,False
shisha_lagos,editorial_review,lagos_af-mango-review,https://shisha-lagos.com/af-mango-review/,Al Fakherマンゴーのフレーバーレビュー|特徴やおすすめミックスをご紹介,Al Fakher,マンゴー,マンゴー,3,2,1,フルーツ系,Al Fakherマンゴーのおすすめミックス,ピーチ/グアバ レモン/オレンジ ゆず/グレープ パッションフルーツ パイン/ココナッツ,グレープ,グレープ,マンゴー -> グレープ,グレープ||マンゴー,ok,,True,False,False
shisha_lagos,editorial_review,lagos_af-mango-review,https://shisha-lagos.com/af-mango-review/,Al Fakherマンゴーのフレーバーレビュー|特徴やおすすめミックスをご紹介,Al Fakher,マンゴー,マンゴー,3,2,1,フルーツ系,Al Fakherマンゴーのおすすめミックス,ピーチ/グアバ レモン/オレンジ ゆず/グレープ パッションフルーツ パイン/ココナッツ,パッションフルーツ,パッションフルーツ,マンゴー -> パッションフルーツ,パッションフルーツ||マンゴー,ok,,True,False,False
shisha_lagos,editorial_review,lagos_af-mango-review,https://shisha-lagos.com/af-mango-review/,Al Fakherマンゴーのフレーバーレビュー|特徴やおすすめミックスをご紹介,Al Fakher,マンゴー,マンゴー,3,2,1,フルーツ系,Al Fakherマンゴーのおすすめミックス,ピーチ/グアバ レモン/オレンジ ゆず/グレープ パッションフルーツ パイン/ココナッツ,パイン,,,,unresolved,recommended_flavor_unregistered,False,False,False
shisha_lagos,editorial_review,lagos_af-mango-review,https://shisha-lagos.com/af-mango-review/,Al Fakherマンゴーのフレーバーレビュー|特徴やおすすめミックスをご紹介,Al Fakher,マンゴー,マンゴー,3,2,1,フルーツ系,Al Fakherマンゴーのおすすめミックス,ピーチ/グアバ レモン/オレンジ ゆず/グレープ パッションフルーツ パイン/ココナッツ,ココナッツ,ココナッツ,マンゴー -> ココナッツ,ココナッツ||マンゴー,ok,,True,False,False
shisha_lagos,editorial_review,lagos_af-mango-review,https://shisha-lagos.com/af-mango-review/,Al Fakherマンゴーのフレーバーレビュー|特徴やおすすめミックスをご紹介,Al Fakher,マンゴー,マンゴー,3,2,2,スイーツ系,Al Fakherマンゴーのおすすめミックス,バニラ/ミルク,バニラ,バニラ,マンゴー -> バニラ,バニラ||マンゴー,ok,,True,False,False
shisha_lagos,editorial_review,lagos_af-mango-review,https://shisha-lagos.com/af-mango-review/,Al Fakherマンゴーのフレーバーレビュー|特徴やおすすめミックスをご紹介,Al Fakher,マンゴー,マンゴー,3,2,2,スイーツ系,Al Fakherマンゴーのおすすめミックス,バニラ/ミルク,ミルク,ミルク,マンゴー -> ミルク,マンゴー||ミルク,ok,,True,False,False
shisha_lagos,editorial_review,lagos_af-mango-review,https://shisha-lagos.com/af-mango-review/,Al Fakherマンゴーのフレーバーレビュー|特徴やおすすめミックスをご紹介,Al Fakher,マンゴー,マンゴー,3,2,3,スパイス/フローラル系,Al Fakherマンゴーのおすすめミックス,ジンジャーエール カルダモン アールグレイ,ジンジャーエール,ジンジャーエール,マンゴー -> ジンジャーエール,ジンジャーエール||マンゴー,ok,,True,False,False
shisha_lagos,editorial_review,lagos_af-mango-review,https://shisha-lagos.com/af-mango-review/,Al Fakherマンゴーのフレーバーレビュー|特徴やおすすめミックスをご紹介,Al Fakher,マンゴー,マンゴー,3,2,3,スパイス/フローラル系,Al Fakherマンゴーのおすすめミックス,ジンジャーエール カルダモン アールグレイ,カルダモン,カルダモン,マンゴー -> カルダモン,カルダモン||マンゴー,ok,,True,False,False
shisha_lagos,editorial_review,lagos_af-mango-review,https://shisha-lagos.com/af-mango-review/,Al Fakherマンゴーのフレーバーレビュー|特徴やおすすめミックスをご紹介,Al Fakher,マンゴー,マンゴー,3,2,3,スパイス/フローラル系,Al Fakherマンゴーのおすすめミックス,ジンジャーエール カルダモン アールグレイ,アールグレイ,アールグレイ,マンゴー -> アールグレイ,アールグレイ||マンゴー,ok,,True,False,False
shisha_lagos,editorial_review,lagos_af-grapefruit-review,https://shisha-lagos.com/af-grapefruit-review/,Al Fakherグレープフルーツのフレーバーレビュー|特徴やおすすめミックスなど,Al Fakher,グレープフルーツ,グレープフルーツ,3,2,1,フルーツ系,Al Fakherグレープフルーツのおすすめミックス,レモン/オレンジ グアバ/グレープ グレナデン/ピーチ パッションフルーツ,レモン,レモン,グレープフルーツ -> レモン,グレープフルーツ||レモン,ok,,True,False,False
shisha_lagos,editorial_review,lagos_af-grapefruit-review,https://shisha-lagos.com/af-grapefruit-review/,Al Fakherグレープフルーツのフレーバーレビュー|特徴やおすすめミックスなど,Al Fakher,グレープフルーツ,グレープフルーツ,3,2,1,フルーツ系,Al Fakherグレープフルーツのおすすめミックス,レモン/オレンジ グアバ/グレープ グレナデン/ピーチ パッションフルーツ,オレンジ,オレンジ,グレープフルーツ -> オレンジ,オレンジ||グレープフルーツ,ok,,True,False,False
shisha_lagos,editorial_review,lagos_af-grapefruit-review,https://shisha-lagos.com/af-grapefruit-review/,Al Fakherグレープフルーツのフレーバーレビュー|特徴やおすすめミックスなど,Al Fakher,グレープフルーツ,グレープフルーツ,3,2,1,フルーツ系,Al Fakherグレープフルーツのおすすめミックス,レモン/オレンジ グアバ/グレープ グレナデン/ピーチ パッションフルーツ,グアバ,グアバ,グレープフルーツ -> グアバ,グアバ||グレープフルーツ,ok,,True,False,False
shisha_lagos,editorial_review,lagos_af-grapefruit-review,https://shisha-lagos.com/af-grapefruit-review/,Al Fakherグレープフルーツのフレーバーレビュー|特徴やおすすめミックスなど,Al Fakher,グレープフルーツ,グレープフルーツ,3,2,1,フルーツ系,Al Fakherグレープフルーツのおすすめミックス,レモン/オレンジ グアバ/グレープ グレナデン/ピーチ パッションフルーツ,グレープ,グレープ,,,excluded,parent_child_pair:グレープ is contained in グレープフルーツ,False,False,False
shisha_lagos,editorial_review,lagos_af-grapefruit-review,https://shisha-lagos.com/af-grapefruit-review/,Al Fakherグレープフルーツのフレーバーレビュー|特徴やおすすめミックスなど,Al Fakher,グレープフルーツ,グレープフルーツ,3,2,1,フルーツ系,Al Fakherグレープフルーツのおすすめミックス,レモン/オレンジ グアバ/グレープ グレナデン/ピーチ パッションフルーツ,グレナデン,,,,unresolved,recommended_flavor_unregistered,False,False,False
shisha_lagos,editorial_review,lagos_af-grapefruit-review,https://shisha-lagos.com/af-grapefruit-review/,Al Fakherグレープフルーツのフレーバーレビュー|特徴やおすすめミックスなど,Al Fakher,グレープフルーツ,グレープフルーツ,3,2,1,フルーツ系,Al Fakherグレープフルーツのおすすめミックス,レモン/オレンジ グアバ/グレープ グレナデン/ピーチ パッションフルーツ,ピーチ,ピーチ,グレープフルーツ -> ピーチ,グレープフルーツ||ピーチ,ok,,True,False,False
shisha_lagos,editorial_review,lagos_af-grapefruit-review,https://shisha-lagos.com/af-grapefruit-review/,Al Fakherグレープフルーツのフレーバーレビュー|特徴やおすすめミックスなど,Al Fakher,グレープフルーツ,グレープフルーツ,3,2,1,フルーツ系,Al Fakherグレープフルーツのおすすめミックス,レモン/オレンジ グアバ/グレープ グレナデン/ピーチ パッションフルーツ,パッションフルーツ,パッションフルーツ,グレープフルーツ -> パッションフルーツ,グレープフルーツ||パッションフルーツ,ok,,True,False,False
shisha_lagos,editorial_review,lagos_af-grapefruit-review,https://shisha-lagos.com/af-grapefruit-review/,Al Fakherグレープフルーツのフレーバーレビュー|特徴やおすすめミックスなど,Al Fakher,グレープフルーツ,グレープフルーツ,3,2,2,スイーツ系,Al Fakherグレープフルーツのおすすめミックス,ハニー,ハニー,ハニー,グレープフルーツ -> ハニー,グレープフルーツ||ハニー,ok,,True,False,False
shisha_lagos,editorial_review,lagos_af-grapefruit-review,https://shisha-lagos.com/af-grapefruit-review/,Al Fakherグレープフルーツのフレーバーレビュー|特徴やおすすめミックスなど,Al Fakher,グレープフルーツ,グレープフルーツ,3,2,3,スパイス/フローラル系,Al Fakherグレープフルーツのおすすめミックス,ジャスミン カルダモン ツーアップル,ジャスミン,ジャスミン,グレープフルーツ -> ジャスミン,グレープフルーツ||ジャスミン,ok,,True,False,False
shisha_lagos,editorial_review,lagos_af-grapefruit-review,https://shisha-lagos.com/af-grapefruit-review/,Al Fakherグレープフルーツのフレーバーレビュー|特徴やおすすめミックスなど,Al Fakher,グレープフルーツ,グレープフルーツ,3,2,3,スパイス/フローラル系,Al Fakherグレープフルーツのおすすめミックス,ジャスミン カルダモン ツーアップル,カルダモン,カルダモン,グレープフルーツ -> カルダモン,カルダモン||グレープフルーツ,ok,,True,False,False
shisha_lagos,editorial_review,lagos_af-grapefruit-review,https://shisha-lagos.com/af-grapefruit-review/,Al Fakherグレープフルーツのフレーバーレビュー|特徴やおすすめミックスなど,Al Fakher,グレープフルーツ,グレープフルーツ,3,2,3,スパイス/フローラル系,Al Fakherグレープフルーツのおすすめミックス,ジャスミン カルダモン ツーアップル,ツーアップル,ツーアップル,グレープフルーツ -> ツーアップル,グレープフルーツ||ツーアップル,ok,,True,False,False
shisha_lagos,editorial_review,lagos_af-mint-review,https://shisha-lagos.com/af-mint-review/,Al Fakherミントのフレーバーレビュー|特徴やおすすめミックスなどをご紹介,Al Fakher,ミント,ミント,3,2,1,フルーツ系,Al Fakherミントのおすすめミックス,レモン/ライム/オレンジ グレープフルーツ/ゆず グアバ/マンゴー/ピーチ ブルーベリー/ラズベリー ライチ/キウイ/プラム パッションフルーツ パイン,レモン,レモン,ミント -> レモン,ミント||レモン,ok,,True,False,False
shisha_lagos,editorial_review,lagos_af-mint-review,https://shisha-lagos.com/af-mint-review/,Al Fakherミントのフレーバーレビュー|特徴やおすすめミックスなどをご紹介,Al Fakher,ミント,ミント,3,2,1,フルーツ系,Al Fakherミントのおすすめミックス,レモン/ライム/オレンジ グレープフルーツ/ゆず グアバ/マンゴー/ピーチ ブルーベリー/ラズベリー ライチ/キウイ/プラム パッションフルーツ パイン,ライム,ライム,ミント -> ライム,ミント||ライム,ok,,True,False,False
shisha_lagos,editorial_review,lagos_af-mint-review,https://shisha-lagos.com/af-mint-review/,Al Fakherミントのフレーバーレビュー|特徴やおすすめミックスなどをご紹介,Al Fakher,ミント,ミント,3,2,1,フルーツ系,Al Fakherミントのおすすめミックス,レモン/ライム/オレンジ グレープフルーツ/ゆず グアバ/マンゴー/ピーチ ブルーベリー/ラズベリー ライチ/キウイ/プラム パッションフルーツ パイン,オレンジ,オレンジ,ミント -> オレンジ,オレンジ||ミント,ok,,True,False,False
shisha_lagos,editorial_review,lagos_af-mint-review,https://shisha-lagos.com/af-mint-review/,Al Fakherミントのフレーバーレビュー|特徴やおすすめミックスなどをご紹介,Al Fakher,ミント,ミント,3,2,1,フルーツ系,Al Fakherミントのおすすめミックス,レモン/ライム/オレンジ グレープフルーツ/ゆず グアバ/マンゴー/ピーチ ブルーベリー/ラズベリー ライチ/キウイ/プラム パッションフルーツ パイン,グレープフルーツ,グレープフルーツ,ミント -> グレープフルーツ,グレープフルーツ||ミント,ok,,True,False,False
shisha_lagos,editorial_review,lagos_af-mint-review,https://shisha-lagos.com/af-mint-review/,Al Fakherミントのフレーバーレビュー|特徴やおすすめミックスなどをご紹介,Al Fakher,ミント,ミント,3,2,1,フルーツ系,Al Fakherミントのおすすめミックス,レモン/ライム/オレンジ グレープフルーツ/ゆず グアバ/マンゴー/ピーチ ブルーベリー/ラズベリー ライチ/キウイ/プラム パッションフルーツ パイン,ゆず,,,,unresolved,recommended_flavor_unregistered,False,False,False
shisha_lagos,editorial_review,lagos_af-mint-review,https://shisha-lagos.com/af-mint-review/,Al Fakherミントのフレーバーレビュー|特徴やおすすめミックスなどをご紹介,Al Fakher,ミント,ミント,3,2,1,フルーツ系,Al Fakherミントのおすすめミックス,レモン/ライム/オレンジ グレープフルーツ/ゆず グアバ/マンゴー/ピーチ ブルーベリー/ラズベリー ライチ/キウイ/プラム パッションフルーツ パイン,グアバ,グアバ,ミント -> グアバ,グアバ||ミント,ok,,True,False,False
shisha_lagos,editorial_review,lagos_af-mint-review,https://shisha-lagos.com/af-mint-review/,Al Fakherミントのフレーバーレビュー|特徴やおすすめミックスなどをご紹介,Al Fakher,ミント,ミント,3,2,1,フルーツ系,Al Fakherミントのおすすめミックス,レモン/ライム/オレンジ グレープフルーツ/ゆず グアバ/マンゴー/ピーチ ブルーベリー/ラズベリー ライチ/キウイ/プラム パッションフルーツ パイン,マンゴー,マンゴー,ミント -> マンゴー,マンゴー||ミント,ok,,True,False,False
shisha_lagos,editorial_review,lagos_af-mint-review,https://shisha-lagos.com/af-mint-review/,Al Fakherミントのフレーバーレビュー|特徴やおすすめミックスなどをご紹介,Al Fakher,ミント,ミント,3,2,1,フルーツ系,Al Fakherミントのおすすめミックス,レモン/ライム/オレンジ グレープフルーツ/ゆず グアバ/マンゴー/ピーチ ブルーベリー/ラズベリー ライチ/キウイ/プラム パッションフルーツ パイン,ピーチ,ピーチ,ミント -> ピーチ,ピーチ||ミント,ok,,True,False,False
shisha_lagos,editorial_review,lagos_af-mint-review,https://shisha-lagos.com/af-mint-review/,Al Fakherミントのフレーバーレビュー|特徴やおすすめミックスなどをご紹介,Al Fakher,ミント,ミント,3,2,1,フルーツ系,Al Fakherミントのおすすめミックス,レモン/ライム/オレンジ グレープフルーツ/ゆず グアバ/マンゴー/ピーチ ブルーベリー/ラズベリー ライチ/キウイ/プラム パッションフルーツ パイン,ブルーベリー,ブルーベリー,ミント -> ブルーベリー,ブルーベリー||ミント,ok,,True,False,False
shisha_lagos,editorial_review,lagos_af-mint-review,https://shisha-lagos.com/af-mint-review/,Al Fakherミントのフレーバーレビュー|特徴やおすすめミックスなどをご紹介,Al Fakher,ミント,ミント,3,2,1,フルーツ系,Al Fakherミントのおすすめミックス,レモン/ライム/オレンジ グレープフルーツ/ゆず グアバ/マンゴー/ピーチ ブルーベリー/ラズベリー ライチ/キウイ/プラム パッションフルーツ パイン,ラズベリー,ラズベリー,ミント -> ラズベリー,ミント||ラズベリー,ok,,True,False,False
shisha_lagos,editorial_review,lagos_af-mint-review,https://shisha-lagos.com/af-mint-review/,Al Fakherミントのフレーバーレビュー|特徴やおすすめミックスなどをご紹介,Al Fakher,ミント,ミント,3,2,1,フルーツ系,Al Fakherミントのおすすめミックス,レモン/ライム/オレンジ グレープフルーツ/ゆず グアバ/マンゴー/ピーチ ブルーベリー/ラズベリー ライチ/キウイ/プラム パッションフルーツ パイン,ライチ,ライチ,ミント -> ライチ,ミント||ライチ,ok,,True,False,False
shisha_lagos,editorial_review,lagos_af-mint-review,https://shisha-lagos.com/af-mint-review/,Al Fakherミントのフレーバーレビュー|特徴やおすすめミックスなどをご紹介,Al Fakher,ミント,ミント,3,2,1,フルーツ系,Al Fakherミントのおすすめミックス,レモン/ライム/オレンジ グレープフルーツ/ゆず グアバ/マンゴー/ピーチ ブルーベリー/ラズベリー ライチ/キウイ/プラム パッションフルーツ パイン,キウイ,キウイ,ミント -> キウイ,キウイ||ミント,ok,,True,False,False
shisha_lagos,editorial_review,lagos_af-mint-review,https://shisha-lagos.com/af-mint-review/,Al Fakherミントのフレーバーレビュー|特徴やおすすめミックスなどをご紹介,Al Fakher,ミント,ミント,3,2,1,フルーツ系,Al Fakherミントのおすすめミックス,レモン/ライム/オレンジ グレープフルーツ/ゆず グアバ/マンゴー/ピーチ ブルーベリー/ラズベリー ライチ/キウイ/プラム パッションフルーツ パイン,プラム,プラム,ミント -> プラム,プラム||ミント,ok,,True,False,False
shisha_lagos,editorial_review,lagos_af-mint-review,https://shisha-lagos.com/af-mint-review/,Al Fakherミントのフレーバーレビュー|特徴やおすすめミックスなどをご紹介,Al Fakher,ミント,ミント,3,2,1,フルーツ系,Al Fakherミントのおすすめミックス,レモン/ライム/オレンジ グレープフルーツ/ゆず グアバ/マンゴー/ピーチ ブルーベリー/ラズベリー ライチ/キウイ/プラム パッションフルーツ パイン,パッションフルーツ,パッションフルーツ,ミント -> パッションフルーツ,パッションフルーツ||ミント,ok,,True,False,False
shisha_lagos,editorial_review,lagos_af-mint-review,https://shisha-lagos.com/af-mint-review/,Al Fakherミントのフレーバーレビュー|特徴やおすすめミックスなどをご紹介,Al Fakher,ミント,ミント,3,2,1,フルーツ系,Al Fakherミントのおすすめミックス,レモン/ライム/オレンジ グレープフルーツ/ゆず グアバ/マンゴー/ピーチ ブルーベリー/ラズベリー ライチ/キウイ/プラム パッションフルーツ パイン,パイン,,,,unresolved,recommended_flavor_unregistered,False,False,False
shisha_lagos,editorial_review,lagos_af-mint-review,https://shisha-lagos.com/af-mint-review/,Al Fakherミントのフレーバーレビュー|特徴やおすすめミックスなどをご紹介,Al Fakher,ミント,ミント,3,2,2,スイーツ系,Al Fakherミントのおすすめミックス,バニラ/ミルク チョコレート,バニラ,バニラ,ミント -> バニラ,バニラ||ミント,ok,,True,False,False
shisha_lagos,editorial_review,lagos_af-mint-review,https://shisha-lagos.com/af-mint-review/,Al Fakherミントのフレーバーレビュー|特徴やおすすめミックスなどをご紹介,Al Fakher,ミント,ミント,3,2,2,スイーツ系,Al Fakherミントのおすすめミックス,バニラ/ミルク チョコレート,ミルク,ミルク,ミント -> ミルク,ミルク||ミント,ok,,True,False,False
shisha_lagos,editorial_review,lagos_af-mint-review,https://shisha-lagos.com/af-mint-review/,Al Fakherミントのフレーバーレビュー|特徴やおすすめミックスなどをご紹介,Al Fakher,ミント,ミント,3,2,2,スイーツ系,Al Fakherミントのおすすめミックス,バニラ/ミルク チョコレート,チョコレート,チョコレート,ミント -> チョコレート,チョコレート||ミント,ok,,True,False,False
shisha_lagos,editorial_review,lagos_af-mint-review,https://shisha-lagos.com/af-mint-review/,Al Fakherミントのフレーバーレビュー|特徴やおすすめミックスなどをご紹介,Al Fakher,ミント,ミント,3,2,3,スパイス系,Al Fakherミントのおすすめミックス,シナモン アールグレイ カルダモン ローズ ジャスミン,シナモン,シナモン,ミント -> シナモン,シナモン||ミント,ok,,True,False,False
shisha_lagos,editorial_review,lagos_af-mint-review,https://shisha-lagos.com/af-mint-review/,Al Fakherミントのフレーバーレビュー|特徴やおすすめミックスなどをご紹介,Al Fakher,ミント,ミント,3,2,3,スパイス系,Al Fakherミントのおすすめミックス,シナモン アールグレイ カルダモン ローズ ジャスミン,アールグレイ,アールグレイ,ミント -> アールグレイ,アールグレイ||ミント,ok,,True,False,False
shisha_lagos,editorial_review,lagos_af-mint-review,https://shisha-lagos.com/af-mint-review/,Al Fakherミントのフレーバーレビュー|特徴やおすすめミックスなどをご紹介,Al Fakher,ミント,ミント,3,2,3,スパイス系,Al Fakherミントのおすすめミックス,シナモン アールグレイ カルダモン ローズ ジャスミン,カルダモン,カルダモン,ミント -> カルダモン,カルダモン||ミント,ok,,True,False,False
shisha_lagos,editorial_review,lagos_af-mint-review,https://shisha-lagos.com/af-mint-review/,Al Fakherミントのフレーバーレビュー|特徴やおすすめミックスなどをご紹介,Al Fakher,ミント,ミント,3,2,3,スパイス系,Al Fakherミントのおすすめミックス,シナモン アールグレイ カルダモン ローズ ジャスミン,ローズ,ローズ,ミント -> ローズ,ミント||ローズ,ok,,True,False,False
shisha_lagos,editorial_review,lagos_af-mint-review,https://shisha-lagos.com/af-mint-review/,Al Fakherミントのフレーバーレビュー|特徴やおすすめミックスなどをご紹介,Al Fakher,ミント,ミント,3,2,3,スパイス系,Al Fakherミントのおすすめミックス,シナモン アールグレイ カルダモン ローズ ジャスミン,ジャスミン,ジャスミン,ミント -> ジャスミン,ジャスミン||ミント,ok,,True,False,False
shisha_lagos,editorial_review,lagos_af-vanilla-review,https://shisha-lagos.com/af-vanilla-review/,Al Fakherバニラのフレーバーレビュー|特徴やおすすめミックスなど,Al Fakher,バニラ,バニラ,3,2,1,フルーツ系,Al Fakherバニラのおすすめミックス,ストロベリー/バナナ ピーチ/マンゴー ブルーベリー/ライチ 洋ナシ/ラズベリー メロン/すいか ココナッツ/オレンジ,ストロベリー,ストロベリー,バニラ -> ストロベリー,ストロベリー||バニラ,ok,,True,False,False
shisha_lagos,editorial_review,lagos_af-vanilla-review,https://shisha-lagos.com/af-vanilla-review/,Al Fakherバニラのフレーバーレビュー|特徴やおすすめミックスなど,Al Fakher,バニラ,バニラ,3,2,1,フルーツ系,Al Fakherバニラのおすすめミックス,ストロベリー/バナナ ピーチ/マンゴー ブルーベリー/ライチ 洋ナシ/ラズベリー メロン/すいか ココナッツ/オレンジ,バナナ,バナナ,バニラ -> バナナ,バナナ||バニラ,ok,,True,False,False
shisha_lagos,editorial_review,lagos_af-vanilla-review,https://shisha-lagos.com/af-vanilla-review/,Al Fakherバニラのフレーバーレビュー|特徴やおすすめミックスなど,Al Fakher,バニラ,バニラ,3,2,1,フルーツ系,Al Fakherバニラのおすすめミックス,ストロベリー/バナナ ピーチ/マンゴー ブルーベリー/ライチ 洋ナシ/ラズベリー メロン/すいか ココナッツ/オレンジ,ピーチ,ピーチ,バニラ -> ピーチ,バニラ||ピーチ,ok,,True,False,False
shisha_lagos,editorial_review,lagos_af-vanilla-review,https://shisha-lagos.com/af-vanilla-review/,Al Fakherバニラのフレーバーレビュー|特徴やおすすめミックスなど,Al Fakher,バニラ,バニラ,3,2,1,フルーツ系,Al Fakherバニラのおすすめミックス,ストロベリー/バナナ ピーチ/マンゴー ブルーベリー/ライチ 洋ナシ/ラズベリー メロン/すいか ココナッツ/オレンジ,マンゴー,マンゴー,バニラ -> マンゴー,バニラ||マンゴー,ok,,True,False,False
shisha_lagos,editorial_review,lagos_af-vanilla-review,https://shisha-lagos.com/af-vanilla-review/,Al Fakherバニラのフレーバーレビュー|特徴やおすすめミックスなど,Al Fakher,バニラ,バニラ,3,2,1,フルーツ系,Al Fakherバニラのおすすめミックス,ストロベリー/バナナ ピーチ/マンゴー ブルーベリー/ライチ 洋ナシ/ラズベリー メロン/すいか ココナッツ/オレンジ,ブルーベリー,ブルーベリー,バニラ -> ブルーベリー,バニラ||ブルーベリー,ok,,True,False,False
shisha_lagos,editorial_review,lagos_af-vanilla-review,https://shisha-lagos.com/af-vanilla-review/,Al Fakherバニラのフレーバーレビュー|特徴やおすすめミックスなど,Al Fakher,バニラ,バニラ,3,2,1,フルーツ系,Al Fakherバニラのおすすめミックス,ストロベリー/バナナ ピーチ/マンゴー ブルーベリー/ライチ 洋ナシ/ラズベリー メロン/すいか ココナッツ/オレンジ,ライチ,ライチ,バニラ -> ライチ,バニラ||ライチ,ok,,True,False,False
shisha_lagos,editorial_review,lagos_af-vanilla-review,https://shisha-lagos.com/af-vanilla-review/,Al Fakherバニラのフレーバーレビュー|特徴やおすすめミックスなど,Al Fakher,バニラ,バニラ,3,2,1,フルーツ系,Al Fakherバニラのおすすめミックス,ストロベリー/バナナ ピーチ/マンゴー ブルーベリー/ライチ 洋ナシ/ラズベリー メロン/すいか ココナッツ/オレンジ,洋ナシ,,,,unresolved,recommended_flavor_unregistered,False,False,False
shisha_lagos,editorial_review,lagos_af-vanilla-review,https://shisha-lagos.com/af-vanilla-review/,Al Fakherバニラのフレーバーレビュー|特徴やおすすめミックスなど,Al Fakher,バニラ,バニラ,3,2,1,フルーツ系,Al Fakherバニラのおすすめミックス,ストロベリー/バナナ ピーチ/マンゴー ブルーベリー/ライチ 洋ナシ/ラズベリー メロン/すいか ココナッツ/オレンジ,ラズベリー,ラズベリー,バニラ -> ラズベリー,バニラ||ラズベリー,ok,,True,False,False
shisha_lagos,editorial_review,lagos_af-vanilla-review,https://shisha-lagos.com/af-vanilla-review/,Al Fakherバニラのフレーバーレビュー|特徴やおすすめミックスなど,Al Fakher,バニラ,バニラ,3,2,1,フルーツ系,Al Fakherバニラのおすすめミックス,ストロベリー/バナナ ピーチ/マンゴー ブルーベリー/ライチ 洋ナシ/ラズベリー メロン/すいか ココナッツ/オレンジ,メロン,メロン,バニラ -> メロン,バニラ||メロン,ok,,True,False,False
shisha_lagos,editorial_review,lagos_af-vanilla-review,https://shisha-lagos.com/af-vanilla-review/,Al Fakherバニラのフレーバーレビュー|特徴やおすすめミックスなど,Al Fakher,バニラ,バニラ,3,2,1,フルーツ系,Al Fakherバニラのおすすめミックス,ストロベリー/バナナ ピーチ/マンゴー ブルーベリー/ライチ 洋ナシ/ラズベリー メロン/すいか ココナッツ/オレンジ,すいか,,,,unresolved,recommended_flavor_unregistered,False,False,False
shisha_lagos,editorial_review,lagos_af-vanilla-review,https://shisha-lagos.com/af-vanilla-review/,Al Fakherバニラのフレーバーレビュー|特徴やおすすめミックスなど,Al Fakher,バニラ,バニラ,3,2,1,フルーツ系,Al Fakherバニラのおすすめミックス,ストロベリー/バナナ ピーチ/マンゴー ブルーベリー/ライチ 洋ナシ/ラズベリー メロン/すいか ココナッツ/オレンジ,ココナッツ,ココナッツ,バニラ -> ココナッツ,ココナッツ||バニラ,ok,,True,False,False
shisha_lagos,editorial_review,lagos_af-vanilla-review,https://shisha-lagos.com/af-vanilla-review/,Al Fakherバニラのフレーバーレビュー|特徴やおすすめミックスなど,Al Fakher,バニラ,バニラ,3,2,1,フルーツ系,Al Fakherバニラのおすすめミックス,ストロベリー/バナナ ピーチ/マンゴー ブルーベリー/ライチ 洋ナシ/ラズベリー メロン/すいか ココナッツ/オレンジ,オレンジ,オレンジ,バニラ -> オレンジ,オレンジ||バニラ,ok,,True,False,False
shisha_lagos,editorial_review,lagos_af-vanilla-review,https://shisha-lagos.com/af-vanilla-review/,Al Fakherバニラのフレーバーレビュー|特徴やおすすめミックスなど,Al Fakher,バニラ,バニラ,3,2,2,スイーツ系,Al Fakherバニラのおすすめミックス,ミルク/コーヒー キャラメル ミルクティ,ミルク,ミルク,バニラ -> ミルク,バニラ||ミルク,ok,,True,False,False
shisha_lagos,editorial_review,lagos_af-vanilla-review,https://shisha-lagos.com/af-vanilla-review/,Al Fakherバニラのフレーバーレビュー|特徴やおすすめミックスなど,Al Fakher,バニラ,バニラ,3,2,2,スイーツ系,Al Fakherバニラのおすすめミックス,ミルク/コーヒー キャラメル ミルクティ,コーヒー,,,,unresolved,recommended_flavor_unregistered,False,False,False
shisha_lagos,editorial_review,lagos_af-vanilla-review,https://shisha-lagos.com/af-vanilla-review/,Al Fakherバニラのフレーバーレビュー|特徴やおすすめミックスなど,Al Fakher,バニラ,バニラ,3,2,2,スイーツ系,Al Fakherバニラのおすすめミックス,ミルク/コーヒー キャラメル ミルクティ,キャラメル,キャラメル,バニラ -> キャラメル,キャラメル||バニラ,ok,,True,False,False
shisha_lagos,editorial_review,lagos_af-vanilla-review,https://shisha-lagos.com/af-vanilla-review/,Al Fakherバニラのフレーバーレビュー|特徴やおすすめミックスなど,Al Fakher,バニラ,バニラ,3,2,2,スイーツ系,Al Fakherバニラのおすすめミックス,ミルク/コーヒー キャラメル ミルクティ,ミルクティ,,,,unresolved,recommended_flavor_unregistered,False,False,False
shisha_lagos,editorial_review,lagos_af-vanilla-review,https://shisha-lagos.com/af-vanilla-review/,Al Fakherバニラのフレーバーレビュー|特徴やおすすめミックスなど,Al Fakher,バニラ,バニラ,3,2,3,スパイス/フローラル系,Al Fakherバニラのおすすめミックス,チャイ/シナモン カルダモン アールグレイ ローズ,チャイ,,,,unresolved,recommended_flavor_unregistered,False,False,False
shisha_lagos,editorial_review,lagos_af-vanilla-review,https://shisha-lagos.com/af-vanilla-review/,Al Fakherバニラのフレーバーレビュー|特徴やおすすめミックスなど,Al Fakher,バニラ,バニラ,3,2,3,スパイス/フローラル系,Al Fakherバニラのおすすめミックス,チャイ/シナモン カルダモン アールグレイ ローズ,シナモン,シナモン,バニラ -> シナモン,シナモン||バニラ,ok,,True,False,False
shisha_lagos,editorial_review,lagos_af-vanilla-review,https://shisha-lagos.com/af-vanilla-review/,Al Fakherバニラのフレーバーレビュー|特徴やおすすめミックスなど,Al Fakher,バニラ,バニラ,3,2,3,スパイス/フローラル系,Al Fakherバニラのおすすめミックス,チャイ/シナモン カルダモン アールグレイ ローズ,カルダモン,カルダモン,バニラ -> カルダモン,カルダモン||バニラ,ok,,True,False,False
shisha_lagos,editorial_review,lagos_af-vanilla-review,https://shisha-lagos.com/af-vanilla-review/,Al Fakherバニラのフレーバーレビュー|特徴やおすすめミックスなど,Al Fakher,バニラ,バニラ,3,2,3,スパイス/フローラル系,Al Fakherバニラのおすすめミックス,チャイ/シナモン カルダモン アールグレイ ローズ,アールグレイ,アールグレイ,バニラ -> アールグレイ,アールグレイ||バニラ,ok,,True,False,False
shisha_lagos,editorial_review,lagos_af-vanilla-review,https://shisha-lagos.com/af-vanilla-review/,Al Fakherバニラのフレーバーレビュー|特徴やおすすめミックスなど,Al Fakher,バニラ,バニラ,3,2,3,スパイス/フローラル系,Al Fakherバニラのおすすめミックス,チャイ/シナモン カルダモン アールグレイ ローズ,ローズ,ローズ,バニラ -> ローズ,バニラ||ローズ,ok,,True,False,False
shisha_lagos,editorial_review,lagos_af-melon-review,https://shisha-lagos.com/af-melon-review/,Al Fakherメロンのフレーバーレビュー|特徴やおすすめミックスなど,Al Fakher,メロン,メロン,3,2,1,フルーツ系,Al Fakherメロンのおすすめミックス,スイカ/グアバ オレンジ/レモン ピーチ/ココナッツ ライチ/マンゴー,スイカ,,,,unresolved,recommended_flavor_unregistered,False,False,False
shisha_lagos,editorial_review,lagos_af-melon-review,https://shisha-lagos.com/af-melon-review/,Al Fakherメロンのフレーバーレビュー|特徴やおすすめミックスなど,Al Fakher,メロン,メロン,3,2,1,フルーツ系,Al Fakherメロンのおすすめミックス,スイカ/グアバ オレンジ/レモン ピーチ/ココナッツ ライチ/マンゴー,グアバ,グアバ,メロン -> グアバ,グアバ||メロン,ok,,True,False,False
shisha_lagos,editorial_review,lagos_af-melon-review,https://shisha-lagos.com/af-melon-review/,Al Fakherメロンのフレーバーレビュー|特徴やおすすめミックスなど,Al Fakher,メロン,メロン,3,2,1,フルーツ系,Al Fakherメロンのおすすめミックス,スイカ/グアバ オレンジ/レモン ピーチ/ココナッツ ライチ/マンゴー,オレンジ,オレンジ,メロン -> オレンジ,オレンジ||メロン,ok,,True,False,False
shisha_lagos,editorial_review,lagos_af-melon-review,https://shisha-lagos.com/af-melon-review/,Al Fakherメロンのフレーバーレビュー|特徴やおすすめミックスなど,Al Fakher,メロン,メロン,3,2,1,フルーツ系,Al Fakherメロンのおすすめミックス,スイカ/グアバ オレンジ/レモン ピーチ/ココナッツ ライチ/マンゴー,レモン,レモン,メロン -> レモン,メロン||レモン,ok,,True,False,False
shisha_lagos,editorial_review,lagos_af-melon-review,https://shisha-lagos.com/af-melon-review/,Al Fakherメロンのフレーバーレビュー|特徴やおすすめミックスなど,Al Fakher,メロン,メロン,3,2,1,フルーツ系,Al Fakherメロンのおすすめミックス,スイカ/グアバ オレンジ/レモン ピーチ/ココナッツ ライチ/マンゴー,ピーチ,ピーチ,メロン -> ピーチ,ピーチ||メロン,ok,,True,False,False
shisha_lagos,editorial_review,lagos_af-melon-review,https://shisha-lagos.com/af-melon-review/,Al Fakherメロンのフレーバーレビュー|特徴やおすすめミックスなど,Al Fakher,メロン,メロン,3,2,1,フルーツ系,Al Fakherメロンのおすすめミックス,スイカ/グアバ オレンジ/レモン ピーチ/ココナッツ ライチ/マンゴー,ココナッツ,ココナッツ,メロン -> ココナッツ,ココナッツ||メロン,ok,,True,False,False
shisha_lagos,editorial_review,lagos_af-melon-review,https://shisha-lagos.com/af-melon-review/,Al Fakherメロンのフレーバーレビュー|特徴やおすすめミックスなど,Al Fakher,メロン,メロン,3,2,1,フルーツ系,Al Fakherメロンのおすすめミックス,スイカ/グアバ オレンジ/レモン ピーチ/ココナッツ ライチ/マンゴー,ライチ,ライチ,メロン -> ライチ,メロン||ライチ,ok,,True,False,False
shisha_lagos,editorial_review,lagos_af-melon-review,https://shisha-lagos.com/af-melon-review/,Al Fakherメロンのフレーバーレビュー|特徴やおすすめミックスなど,Al Fakher,メロン,メロン,3,2,1,フルーツ系,Al Fakherメロンのおすすめミックス,スイカ/グアバ オレンジ/レモン ピーチ/ココナッツ ライチ/マンゴー,マンゴー,マンゴー,メロン -> マンゴー,マンゴー||メロン,ok,,True,False,False
shisha_lagos,editorial_review,lagos_af-melon-review,https://shisha-lagos.com/af-melon-review/,Al Fakherメロンのフレーバーレビュー|特徴やおすすめミックスなど,Al Fakher,メロン,メロン,3,2,2,スイーツ系,Al Fakherメロンのおすすめミックス,バニラ/ミルク キャラメル,バニラ,バニラ,メロン -> バニラ,バニラ||メロン,ok,,True,False,False
shisha_lagos,editorial_review,lagos_af-melon-review,https://shisha-lagos.com/af-melon-review/,Al Fakherメロンのフレーバーレビュー|特徴やおすすめミックスなど,Al Fakher,メロン,メロン,3,2,2,スイーツ系,Al Fakherメロンのおすすめミックス,バニラ/ミルク キャラメル,ミルク,ミルク,メロン -> ミルク,ミルク||メロン,ok,,True,False,False
shisha_lagos,editorial_review,lagos_af-melon-review,https://shisha-lagos.com/af-melon-review/,Al Fakherメロンのフレーバーレビュー|特徴やおすすめミックスなど,Al Fakher,メロン,メロン,3,2,2,スイーツ系,Al Fakherメロンのおすすめミックス,バニラ/ミルク キャラメル,キャラメル,キャラメル,メロン -> キャラメル,キャラメル||メロン,ok,,True,False,False
shisha_lagos,editorial_review,lagos_af-melon-review,https://shisha-lagos.com/af-melon-review/,Al Fakherメロンのフレーバーレビュー|特徴やおすすめミックスなど,Al Fakher,メロン,メロン,3,2,3,スパイス/フローラル系,Al Fakherメロンのおすすめミックス,カルダモン シナモン ローズ,カルダモン,カルダモン,メロン -> カルダモン,カルダモン||メロン,ok,,True,False,False
shisha_lagos,editorial_review,lagos_af-melon-review,https://shisha-lagos.com/af-melon-review/,Al Fakherメロンのフレーバーレビュー|特徴やおすすめミックスなど,Al Fakher,メロン,メロン,3,2,3,スパイス/フローラル系,Al Fakherメロンのおすすめミックス,カルダモン シナモン ローズ,シナモン,シナモン,メロン -> シナモン,シナモン||メロン,ok,,True,False,False
shisha_lagos,editorial_review,lagos_af-melon-review,https://shisha-lagos.com/af-melon-review/,Al Fakherメロンのフレーバーレビュー|特徴やおすすめミックスなど,Al Fakher,メロン,メロン,3,2,3,スパイス/フローラル系,Al Fakherメロンのおすすめミックス,カルダモン シナモン ローズ,ローズ,ローズ,メロン -> ローズ,メロン||ローズ,ok,,True,False,False
shisha_lagos,editorial_review,lagos_af-grenadine-review,https://shisha-lagos.com/af-grenadine-review/,Al Fakherグレナデンのフレーバーレビュー|特徴やおすすめミックスなど,Al Fakher,グレナデン,,3,2,1,フルーツ系,Al Fakherグレナデンのおすすめミックス,ブルーベリー/ラズベリー キウイ/チェリー ストロベリー/レモン パッションフルーツ ライチ/グレープフルーツ オレンジ/ピーチ,ブルーベリー,ブルーベリー,,,unresolved,target_flavor_unregistered,False,False,False
shisha_lagos,editorial_review,lagos_af-grenadine-review,https://shisha-lagos.com/af-grenadine-review/,Al Fakherグレナデンのフレーバーレビュー|特徴やおすすめミックスなど,Al Fakher,グレナデン,,3,2,1,フルーツ系,Al Fakherグレナデンのおすすめミックス,ブルーベリー/ラズベリー キウイ/チェリー ストロベリー/レモン パッションフルーツ ライチ/グレープフルーツ オレンジ/ピーチ,ラズベリー,ラズベリー,,,unresolved,target_flavor_unregistered,False,False,False
shisha_lagos,editorial_review,lagos_af-grenadine-review,https://shisha-lagos.com/af-grenadine-review/,Al Fakherグレナデンのフレーバーレビュー|特徴やおすすめミックスなど,Al Fakher,グレナデン,,3,2,1,フルーツ系,Al Fakherグレナデンのおすすめミックス,ブルーベリー/ラズベリー キウイ/チェリー ストロベリー/レモン パッションフルーツ ライチ/グレープフルーツ オレンジ/ピーチ,キウイ,キウイ,,,unresolved,target_flavor_unregistered,False,False,False
shisha_lagos,editorial_review,lagos_af-grenadine-review,https://shisha-lagos.com/af-grenadine-review/,Al Fakherグレナデンのフレーバーレビュー|特徴やおすすめミックスなど,Al Fakher,グレナデン,,3,2,1,フルーツ系,Al Fakherグレナデンのおすすめミックス,ブルーベリー/ラズベリー キウイ/チェリー ストロベリー/レモン パッションフルーツ ライチ/グレープフルーツ オレンジ/ピーチ,チェリー,チェリー,,,unresolved,target_flavor_unregistered,False,False,False
shisha_lagos,editorial_review,lagos_af-grenadine-review,https://shisha-lagos.com/af-grenadine-review/,Al Fakherグレナデンのフレーバーレビュー|特徴やおすすめミックスなど,Al Fakher,グレナデン,,3,2,1,フルーツ系,Al Fakherグレナデンのおすすめミックス,ブルーベリー/ラズベリー キウイ/チェリー ストロベリー/レモン パッションフルーツ ライチ/グレープフルーツ オレンジ/ピーチ,ストロベリー,ストロベリー,,,unresolved,target_flavor_unregistered,False,False,False
shisha_lagos,editorial_review,lagos_af-grenadine-review,https://shisha-lagos.com/af-grenadine-review/,Al Fakherグレナデンのフレーバーレビュー|特徴やおすすめミックスなど,Al Fakher,グレナデン,,3,2,1,フルーツ系,Al Fakherグレナデンのおすすめミックス,ブルーベリー/ラズベリー キウイ/チェリー ストロベリー/レモン パッションフルーツ ライチ/グレープフルーツ オレンジ/ピーチ,レモン,レモン,,,unresolved,target_flavor_unregistered,False,False,False
shisha_lagos,editorial_review,lagos_af-grenadine-review,https://shisha-lagos.com/af-grenadine-review/,Al Fakherグレナデンのフレーバーレビュー|特徴やおすすめミックスなど,Al Fakher,グレナデン,,3,2,1,フルーツ系,Al Fakherグレナデンのおすすめミックス,ブルーベリー/ラズベリー キウイ/チェリー ストロベリー/レモン パッションフルーツ ライチ/グレープフルーツ オレンジ/ピーチ,パッションフルーツ,パッションフルーツ,,,unresolved,target_flavor_unregistered,False,False,False
shisha_lagos,editorial_review,lagos_af-grenadine-review,https://shisha-lagos.com/af-grenadine-review/,Al Fakherグレナデンのフレーバーレビュー|特徴やおすすめミックスなど,Al Fakher,グレナデン,,3,2,1,フルーツ系,Al Fakherグレナデンのおすすめミックス,ブルーベリー/ラズベリー キウイ/チェリー ストロベリー/レモン パッションフルーツ ライチ/グレープフルーツ オレンジ/ピーチ,ライチ,ライチ,,,unresolved,target_flavor_unregistered,False,False,False
shisha_lagos,editorial_review,lagos_af-grenadine-review,https://shisha-lagos.com/af-grenadine-review/,Al Fakherグレナデンのフレーバーレビュー|特徴やおすすめミックスなど,Al Fakher,グレナデン,,3,2,1,フルーツ系,Al Fakherグレナデンのおすすめミックス,ブルーベリー/ラズベリー キウイ/チェリー ストロベリー/レモン パッションフルーツ ライチ/グレープフルーツ オレンジ/ピーチ,グレープフルーツ,グレープフルーツ,,,unresolved,target_flavor_unregistered,False,False,False
shisha_lagos,editorial_review,lagos_af-grenadine-review,https://shisha-lagos.com/af-grenadine-review/,Al Fakherグレナデンのフレーバーレビュー|特徴やおすすめミックスなど,Al Fakher,グレナデン,,3,2,1,フルーツ系,Al Fakherグレナデンのおすすめミックス,ブルーベリー/ラズベリー キウイ/チェリー ストロベリー/レモン パッションフルーツ ライチ/グレープフルーツ オレンジ/ピーチ,オレンジ,オレンジ,,,unresolved,target_flavor_unregistered,False,False,False
shisha_lagos,editorial_review,lagos_af-grenadine-review,https://shisha-lagos.com/af-grenadine-review/,Al Fakherグレナデンのフレーバーレビュー|特徴やおすすめミックスなど,Al Fakher,グレナデン,,3,2,1,フルーツ系,Al Fakherグレナデンのおすすめミックス,ブルーベリー/ラズベリー キウイ/チェリー ストロベリー/レモン パッションフルーツ ライチ/グレープフルーツ オレンジ/ピーチ,ピーチ,ピーチ,,,unresolved,target_flavor_unregistered,False,False,False
shisha_lagos,editorial_review,lagos_af-grenadine-review,https://shisha-lagos.com/af-grenadine-review/,Al Fakherグレナデンのフレーバーレビュー|特徴やおすすめミックスなど,Al Fakher,グレナデン,,3,2,2,スイーツ系,Al Fakherグレナデンのおすすめミックス,ミルク/ハニー,ミルク,ミルク,,,unresolved,target_flavor_unregistered,False,False,False
shisha_lagos,editorial_review,lagos_af-grenadine-review,https://shisha-lagos.com/af-grenadine-review/,Al Fakherグレナデンのフレーバーレビュー|特徴やおすすめミックスなど,Al Fakher,グレナデン,,3,2,2,スイーツ系,Al Fakherグレナデンのおすすめミックス,ミルク/ハニー,ハニー,ハニー,,,unresolved,target_flavor_unregistered,False,False,False
shisha_lagos,editorial_review,lagos_af-grenadine-review,https://shisha-lagos.com/af-grenadine-review/,Al Fakherグレナデンのフレーバーレビュー|特徴やおすすめミックスなど,Al Fakher,グレナデン,,3,2,3,スパイス/フローラル系,Al Fakherグレナデンのおすすめミックス,カルダモン/アールグレイ シナモン/ローズ,カルダモン,カルダモン,,,unresolved,target_flavor_unregistered,False,False,False
shisha_lagos,editorial_review,lagos_af-grenadine-review,https://shisha-lagos.com/af-grenadine-review/,Al Fakherグレナデンのフレーバーレビュー|特徴やおすすめミックスなど,Al Fakher,グレナデン,,3,2,3,スパイス/フローラル系,Al Fakherグレナデンのおすすめミックス,カルダモン/アールグレイ シナモン/ローズ,アールグレイ,アールグレイ,,,unresolved,target_flavor_unregistered,False,False,False
shisha_lagos,editorial_review,lagos_af-grenadine-review,https://shisha-lagos.com/af-grenadine-review/,Al Fakherグレナデンのフレーバーレビュー|特徴やおすすめミックスなど,Al Fakher,グレナデン,,3,2,3,スパイス/フローラル系,Al Fakherグレナデンのおすすめミックス,カルダモン/アールグレイ シナモン/ローズ,シナモン,シナモン,,,unresolved,target_flavor_unregistered,False,False,False
shisha_lagos,editorial_review,lagos_af-grenadine-review,https://shisha-lagos.com/af-grenadine-review/,Al Fakherグレナデンのフレーバーレビュー|特徴やおすすめミックスなど,Al Fakher,グレナデン,,3,2,3,スパイス/フローラル系,Al Fakherグレナデンのおすすめミックス,カルダモン/アールグレイ シナモン/ローズ,ローズ,ローズ,,,unresolved,target_flavor_unregistered,False,False,False
shisha_lagos,editorial_review,lagos_af-kiwi-review,https://shisha-lagos.com/af-kiwi-review/,Al Fakherキウイのフレーバーレビュー|特徴やおすすめミックスなどをご紹介,Al Fakher,キウイ,キウイ,3,2,1,フルーツ系,Al Fakherキウイのおすすめミックス,レモン/ライム グレナデン/グレープ パッションフルーツ グアバ,レモン,レモン,キウイ -> レモン,キウイ||レモン,ok,,True,False,False
shisha_lagos,editorial_review,lagos_af-kiwi-review,https://shisha-lagos.com/af-kiwi-review/,Al Fakherキウイのフレーバーレビュー|特徴やおすすめミックスなどをご紹介,Al Fakher,キウイ,キウイ,3,2,1,フルーツ系,Al Fakherキウイのおすすめミックス,レモン/ライム グレナデン/グレープ パッションフルーツ グアバ,ライム,ライム,キウイ -> ライム,キウイ||ライム,ok,,True,False,False
shisha_lagos,editorial_review,lagos_af-kiwi-review,https://shisha-lagos.com/af-kiwi-review/,Al Fakherキウイのフレーバーレビュー|特徴やおすすめミックスなどをご紹介,Al Fakher,キウイ,キウイ,3,2,1,フルーツ系,Al Fakherキウイのおすすめミックス,レモン/ライム グレナデン/グレープ パッションフルーツ グアバ,グレナデン,,,,unresolved,recommended_flavor_unregistered,False,False,False
shisha_lagos,editorial_review,lagos_af-kiwi-review,https://shisha-lagos.com/af-kiwi-review/,Al Fakherキウイのフレーバーレビュー|特徴やおすすめミックスなどをご紹介,Al Fakher,キウイ,キウイ,3,2,1,フルーツ系,Al Fakherキウイのおすすめミックス,レモン/ライム グレナデン/グレープ パッションフルーツ グアバ,グレープ,グレープ,キウイ -> グレープ,キウイ||グレープ,ok,,True,False,False
shisha_lagos,editorial_review,lagos_af-kiwi-review,https://shisha-lagos.com/af-kiwi-review/,Al Fakherキウイのフレーバーレビュー|特徴やおすすめミックスなどをご紹介,Al Fakher,キウイ,キウイ,3,2,1,フルーツ系,Al Fakherキウイのおすすめミックス,レモン/ライム グレナデン/グレープ パッションフルーツ グアバ,パッションフルーツ,パッションフルーツ,キウイ -> パッションフルーツ,キウイ||パッションフルーツ,ok,,True,False,False
shisha_lagos,editorial_review,lagos_af-kiwi-review,https://shisha-lagos.com/af-kiwi-review/,Al Fakherキウイのフレーバーレビュー|特徴やおすすめミックスなどをご紹介,Al Fakher,キウイ,キウイ,3,2,1,フルーツ系,Al Fakherキウイのおすすめミックス,レモン/ライム グレナデン/グレープ パッションフルーツ グアバ,グアバ,グアバ,キウイ -> グアバ,キウイ||グアバ,ok,,True,False,False
shisha_lagos,editorial_review,lagos_af-kiwi-review,https://shisha-lagos.com/af-kiwi-review/,Al Fakherキウイのフレーバーレビュー|特徴やおすすめミックスなどをご紹介,Al Fakher,キウイ,キウイ,3,2,2,スイーツ系,Al Fakherキウイのおすすめミックス,×,,,,,excluded,explicit_none_marker,False,False,False
shisha_lagos,editorial_review,lagos_af-kiwi-review,https://shisha-lagos.com/af-kiwi-review/,Al Fakherキウイのフレーバーレビュー|特徴やおすすめミックスなどをご紹介,Al Fakher,キウイ,キウイ,3,2,3,スパイス/フローラル系,Al Fakherキウイのおすすめミックス,ジンジャーエール レモングラス カルダモン,ジンジャーエール,ジンジャーエール,キウイ -> ジンジャーエール,キウイ||ジンジャーエール,ok,,True,False,False
shisha_lagos,editorial_review,lagos_af-kiwi-review,https://shisha-lagos.com/af-kiwi-review/,Al Fakherキウイのフレーバーレビュー|特徴やおすすめミックスなどをご紹介,Al Fakher,キウイ,キウイ,3,2,3,スパイス/フローラル系,Al Fakherキウイのおすすめミックス,ジンジャーエール レモングラス カルダモン,レモングラス,レモングラス,キウイ -> レモングラス,キウイ||レモングラス,ok,,True,False,False
shisha_lagos,editorial_review,lagos_af-kiwi-review,https://shisha-lagos.com/af-kiwi-review/,Al Fakherキウイのフレーバーレビュー|特徴やおすすめミックスなどをご紹介,Al Fakher,キウイ,キウイ,3,2,3,スパイス/フローラル系,Al Fakherキウイのおすすめミックス,ジンジャーエール レモングラス カルダモン,カルダモン,カルダモン,キウイ -> カルダモン,カルダモン||キウイ,ok,,True,False,False
shisha_lagos,editorial_review,lagos_af-peach-review,https://shisha-lagos.com/af-peach-review/,Al Fakherピーチのフレーバーレビュー|特徴やおすすめミックスなどをご紹介,Al Fakher,ピーチ,ピーチ,3,2,1,フルーツ系,Al Fakherピーチのおすすめミックス,マンゴー/ココナッツ オレンジ/バナナ/ グアバ/ライチ グレナデン/レモン パッションフルーツ,マンゴー,マンゴー,ピーチ -> マンゴー,ピーチ||マンゴー,ok,,True,False,False
shisha_lagos,editorial_review,lagos_af-peach-review,https://shisha-lagos.com/af-peach-review/,Al Fakherピーチのフレーバーレビュー|特徴やおすすめミックスなどをご紹介,Al Fakher,ピーチ,ピーチ,3,2,1,フルーツ系,Al Fakherピーチのおすすめミックス,マンゴー/ココナッツ オレンジ/バナナ/ グアバ/ライチ グレナデン/レモン パッションフルーツ,ココナッツ,ココナッツ,ピーチ -> ココナッツ,ココナッツ||ピーチ,ok,,True,False,False
shisha_lagos,editorial_review,lagos_af-peach-review,https://shisha-lagos.com/af-peach-review/,Al Fakherピーチのフレーバーレビュー|特徴やおすすめミックスなどをご紹介,Al Fakher,ピーチ,ピーチ,3,2,1,フルーツ系,Al Fakherピーチのおすすめミックス,マンゴー/ココナッツ オレンジ/バナナ/ グアバ/ライチ グレナデン/レモン パッションフルーツ,オレンジ,オレンジ,ピーチ -> オレンジ,オレンジ||ピーチ,ok,,True,False,False
shisha_lagos,editorial_review,lagos_af-peach-review,https://shisha-lagos.com/af-peach-review/,Al Fakherピーチのフレーバーレビュー|特徴やおすすめミックスなどをご紹介,Al Fakher,ピーチ,ピーチ,3,2,1,フルーツ系,Al Fakherピーチのおすすめミックス,マンゴー/ココナッツ オレンジ/バナナ/ グアバ/ライチ グレナデン/レモン パッションフルーツ,バナナ,バナナ,ピーチ -> バナナ,バナナ||ピーチ,ok,,True,False,False
shisha_lagos,editorial_review,lagos_af-peach-review,https://shisha-lagos.com/af-peach-review/,Al Fakherピーチのフレーバーレビュー|特徴やおすすめミックスなどをご紹介,Al Fakher,ピーチ,ピーチ,3,2,1,フルーツ系,Al Fakherピーチのおすすめミックス,マンゴー/ココナッツ オレンジ/バナナ/ グアバ/ライチ グレナデン/レモン パッションフルーツ,グアバ,グアバ,ピーチ -> グアバ,グアバ||ピーチ,ok,,True,False,False
shisha_lagos,editorial_review,lagos_af-peach-review,https://shisha-lagos.com/af-peach-review/,Al Fakherピーチのフレーバーレビュー|特徴やおすすめミックスなどをご紹介,Al Fakher,ピーチ,ピーチ,3,2,1,フルーツ系,Al Fakherピーチのおすすめミックス,マンゴー/ココナッツ オレンジ/バナナ/ グアバ/ライチ グレナデン/レモン パッションフルーツ,ライチ,ライチ,ピーチ -> ライチ,ピーチ||ライチ,ok,,True,False,False
shisha_lagos,editorial_review,lagos_af-peach-review,https://shisha-lagos.com/af-peach-review/,Al Fakherピーチのフレーバーレビュー|特徴やおすすめミックスなどをご紹介,Al Fakher,ピーチ,ピーチ,3,2,1,フルーツ系,Al Fakherピーチのおすすめミックス,マンゴー/ココナッツ オレンジ/バナナ/ グアバ/ライチ グレナデン/レモン パッションフルーツ,グレナデン,,,,unresolved,recommended_flavor_unregistered,False,False,False
shisha_lagos,editorial_review,lagos_af-peach-review,https://shisha-lagos.com/af-peach-review/,Al Fakherピーチのフレーバーレビュー|特徴やおすすめミックスなどをご紹介,Al Fakher,ピーチ,ピーチ,3,2,1,フルーツ系,Al Fakherピーチのおすすめミックス,マンゴー/ココナッツ オレンジ/バナナ/ グアバ/ライチ グレナデン/レモン パッションフルーツ,レモン,レモン,ピーチ -> レモン,ピーチ||レモン,ok,,True,False,False
shisha_lagos,editorial_review,lagos_af-peach-review,https://shisha-lagos.com/af-peach-review/,Al Fakherピーチのフレーバーレビュー|特徴やおすすめミックスなどをご紹介,Al Fakher,ピーチ,ピーチ,3,2,1,フルーツ系,Al Fakherピーチのおすすめミックス,マンゴー/ココナッツ オレンジ/バナナ/ グアバ/ライチ グレナデン/レモン パッションフルーツ,パッションフルーツ,パッションフルーツ,ピーチ -> パッションフルーツ,パッションフルーツ||ピーチ,ok,,True,False,False
shisha_lagos,editorial_review,lagos_af-peach-review,https://shisha-lagos.com/af-peach-review/,Al Fakherピーチのフレーバーレビュー|特徴やおすすめミックスなどをご紹介,Al Fakher,ピーチ,ピーチ,3,2,2,スイーツ系,Al Fakherピーチのおすすめミックス,バニラ/ミルク ハニー/ミルクティー,バニラ,バニラ,ピーチ -> バニラ,バニラ||ピーチ,ok,,True,False,False
shisha_lagos,editorial_review,lagos_af-peach-review,https://shisha-lagos.com/af-peach-review/,Al Fakherピーチのフレーバーレビュー|特徴やおすすめミックスなどをご紹介,Al Fakher,ピーチ,ピーチ,3,2,2,スイーツ系,Al Fakherピーチのおすすめミックス,バニラ/ミルク ハニー/ミルクティー,ミルク,ミルク,ピーチ -> ミルク,ピーチ||ミルク,ok,,True,False,False
shisha_lagos,editorial_review,lagos_af-peach-review,https://shisha-lagos.com/af-peach-review/,Al Fakherピーチのフレーバーレビュー|特徴やおすすめミックスなどをご紹介,Al Fakher,ピーチ,ピーチ,3,2,2,スイーツ系,Al Fakherピーチのおすすめミックス,バニラ/ミルク ハニー/ミルクティー,ハニー,ハニー,ピーチ -> ハニー,ハニー||ピーチ,ok,,True,False,False
shisha_lagos,editorial_review,lagos_af-peach-review,https://shisha-lagos.com/af-peach-review/,Al Fakherピーチのフレーバーレビュー|特徴やおすすめミックスなどをご紹介,Al Fakher,ピーチ,ピーチ,3,2,2,スイーツ系,Al Fakherピーチのおすすめミックス,バニラ/ミルク ハニー/ミルクティー,ミルクティー,,,,unresolved,recommended_flavor_unregistered,False,False,False
shisha_lagos,editorial_review,lagos_af-peach-review,https://shisha-lagos.com/af-peach-review/,Al Fakherピーチのフレーバーレビュー|特徴やおすすめミックスなどをご紹介,Al Fakher,ピーチ,ピーチ,3,2,3,スパイス/フローラル系,Al Fakherピーチのおすすめミックス,カルダモン/ジャスミン アールグレイ/ローズ,カルダモン,カルダモン,ピーチ -> カルダモン,カルダモン||ピーチ,ok,,True,False,False
shisha_lagos,editorial_review,lagos_af-peach-review,https://shisha-lagos.com/af-peach-review/,Al Fakherピーチのフレーバーレビュー|特徴やおすすめミックスなどをご紹介,Al Fakher,ピーチ,ピーチ,3,2,3,スパイス/フローラル系,Al Fakherピーチのおすすめミックス,カルダモン/ジャスミン アールグレイ/ローズ,ジャスミン,ジャスミン,ピーチ -> ジャスミン,ジャスミン||ピーチ,ok,,True,False,False
shisha_lagos,editorial_review,lagos_af-peach-review,https://shisha-lagos.com/af-peach-review/,Al Fakherピーチのフレーバーレビュー|特徴やおすすめミックスなどをご紹介,Al Fakher,ピーチ,ピーチ,3,2,3,スパイス/フローラル系,Al Fakherピーチのおすすめミックス,カルダモン/ジャスミン アールグレイ/ローズ,アールグレイ,アールグレイ,ピーチ -> アールグレイ,アールグレイ||ピーチ,ok,,True,False,False
shisha_lagos,editorial_review,lagos_af-peach-review,https://shisha-lagos.com/af-peach-review/,Al Fakherピーチのフレーバーレビュー|特徴やおすすめミックスなどをご紹介,Al Fakher,ピーチ,ピーチ,3,2,3,スパイス/フローラル系,Al Fakherピーチのおすすめミックス,カルダモン/ジャスミン アールグレイ/ローズ,ローズ,ローズ,ピーチ -> ローズ,ピーチ||ローズ,ok,,True,False,False
shisha_lagos,editorial_review,lagos_af-blueberry-review,https://shisha-lagos.com/af-blueberry-review/,Al Fakherブルーベリーのフレーバーレビュー|特徴やおすすめミックスなど,Al Fakher,ブルーベリー,ブルーベリー,3,2,1,フルーツ系,Al Fakherブルーベリーのおすすめミックス,ストロベリー/ザクロ ライチ パッションフルーツ ラズベリー/グアバ レモン/ココナッツ グレープ,ストロベリー,ストロベリー,ブルーベリー -> ストロベリー,ストロベリー||ブルーベリー,ok,,True,False,False
shisha_lagos,editorial_review,lagos_af-blueberry-review,https://shisha-lagos.com/af-blueberry-review/,Al Fakherブルーベリーのフレーバーレビュー|特徴やおすすめミックスなど,Al Fakher,ブルーベリー,ブルーベリー,3,2,1,フルーツ系,Al Fakherブルーベリーのおすすめミックス,ストロベリー/ザクロ ライチ パッションフルーツ ラズベリー/グアバ レモン/ココナッツ グレープ,ザクロ,ザクロ,ブルーベリー -> ザクロ,ザクロ||ブルーベリー,ok,,True,False,False
shisha_lagos,editorial_review,lagos_af-blueberry-review,https://shisha-lagos.com/af-blueberry-review/,Al Fakherブルーベリーのフレーバーレビュー|特徴やおすすめミックスなど,Al Fakher,ブルーベリー,ブルーベリー,3,2,1,フルーツ系,Al Fakherブルーベリーのおすすめミックス,ストロベリー/ザクロ ライチ パッションフルーツ ラズベリー/グアバ レモン/ココナッツ グレープ,ライチ,ライチ,ブルーベリー -> ライチ,ブルーベリー||ライチ,ok,,True,False,False
shisha_lagos,editorial_review,lagos_af-blueberry-review,https://shisha-lagos.com/af-blueberry-review/,Al Fakherブルーベリーのフレーバーレビュー|特徴やおすすめミックスなど,Al Fakher,ブルーベリー,ブルーベリー,3,2,1,フルーツ系,Al Fakherブルーベリーのおすすめミックス,ストロベリー/ザクロ ライチ パッションフルーツ ラズベリー/グアバ レモン/ココナッツ グレープ,パッションフルーツ,パッションフルーツ,ブルーベリー -> パッションフルーツ,パッションフルーツ||ブルーベリー,ok,,True,False,False
shisha_lagos,editorial_review,lagos_af-blueberry-review,https://shisha-lagos.com/af-blueberry-review/,Al Fakherブルーベリーのフレーバーレビュー|特徴やおすすめミックスなど,Al Fakher,ブルーベリー,ブルーベリー,3,2,1,フルーツ系,Al Fakherブルーベリーのおすすめミックス,ストロベリー/ザクロ ライチ パッションフルーツ ラズベリー/グアバ レモン/ココナッツ グレープ,ラズベリー,ラズベリー,ブルーベリー -> ラズベリー,ブルーベリー||ラズベリー,ok,,True,False,False
shisha_lagos,editorial_review,lagos_af-blueberry-review,https://shisha-lagos.com/af-blueberry-review/,Al Fakherブルーベリーのフレーバーレビュー|特徴やおすすめミックスなど,Al Fakher,ブルーベリー,ブルーベリー,3,2,1,フルーツ系,Al Fakherブルーベリーのおすすめミックス,ストロベリー/ザクロ ライチ パッションフルーツ ラズベリー/グアバ レモン/ココナッツ グレープ,グアバ,グアバ,ブルーベリー -> グアバ,グアバ||ブルーベリー,ok,,True,False,False
shisha_lagos,editorial_review,lagos_af-blueberry-review,https://shisha-lagos.com/af-blueberry-review/,Al Fakherブルーベリーのフレーバーレビュー|特徴やおすすめミックスなど,Al Fakher,ブルーベリー,ブルーベリー,3,2,1,フルーツ系,Al Fakherブルーベリーのおすすめミックス,ストロベリー/ザクロ ライチ パッションフルーツ ラズベリー/グアバ レモン/ココナッツ グレープ,レモン,レモン,ブルーベリー -> レモン,ブルーベリー||レモン,ok,,True,False,False
shisha_lagos,editorial_review,lagos_af-blueberry-review,https://shisha-lagos.com/af-blueberry-review/,Al Fakherブルーベリーのフレーバーレビュー|特徴やおすすめミックスなど,Al Fakher,ブルーベリー,ブルーベリー,3,2,1,フルーツ系,Al Fakherブルーベリーのおすすめミックス,ストロベリー/ザクロ ライチ パッションフルーツ ラズベリー/グアバ レモン/ココナッツ グレープ,ココナッツ,ココナッツ,ブルーベリー -> ココナッツ,ココナッツ||ブルーベリー,ok,,True,False,False
shisha_lagos,editorial_review,lagos_af-blueberry-review,https://shisha-lagos.com/af-blueberry-review/,Al Fakherブルーベリーのフレーバーレビュー|特徴やおすすめミックスなど,Al Fakher,ブルーベリー,ブルーベリー,3,2,1,フルーツ系,Al Fakherブルーベリーのおすすめミックス,ストロベリー/ザクロ ライチ パッションフルーツ ラズベリー/グアバ レモン/ココナッツ グレープ,グレープ,グレープ,ブルーベリー -> グレープ,グレープ||ブルーベリー,ok,,True,False,False
shisha_lagos,editorial_review,lagos_af-blueberry-review,https://shisha-lagos.com/af-blueberry-review/,Al Fakherブルーベリーのフレーバーレビュー|特徴やおすすめミックスなど,Al Fakher,ブルーベリー,ブルーベリー,3,2,2,スイーツ系,Al Fakherブルーベリーのおすすめミックス,バニラ/ミルク キャラメル,バニラ,バニラ,ブルーベリー -> バニラ,バニラ||ブルーベリー,ok,,True,False,False
shisha_lagos,editorial_review,lagos_af-blueberry-review,https://shisha-lagos.com/af-blueberry-review/,Al Fakherブルーベリーのフレーバーレビュー|特徴やおすすめミックスなど,Al Fakher,ブルーベリー,ブルーベリー,3,2,2,スイーツ系,Al Fakherブルーベリーのおすすめミックス,バニラ/ミルク キャラメル,ミルク,ミルク,ブルーベリー -> ミルク,ブルーベリー||ミルク,ok,,True,False,False
shisha_lagos,editorial_review,lagos_af-blueberry-review,https://shisha-lagos.com/af-blueberry-review/,Al Fakherブルーベリーのフレーバーレビュー|特徴やおすすめミックスなど,Al Fakher,ブルーベリー,ブルーベリー,3,2,2,スイーツ系,Al Fakherブルーベリーのおすすめミックス,バニラ/ミルク キャラメル,キャラメル,キャラメル,ブルーベリー -> キャラメル,キャラメル||ブルーベリー,ok,,True,False,False
shisha_lagos,editorial_review,lagos_af-blueberry-review,https://shisha-lagos.com/af-blueberry-review/,Al Fakherブルーベリーのフレーバーレビュー|特徴やおすすめミックスなど,Al Fakher,ブルーベリー,ブルーベリー,3,2,3,スパイス/フローラル系,Al Fakherブルーベリーのおすすめミックス,シナモン/カルダモン ジャスミン/ローズ,シナモン,シナモン,ブルーベリー -> シナモン,シナモン||ブルーベリー,ok,,True,False,False
shisha_lagos,editorial_review,lagos_af-blueberry-review,https://shisha-lagos.com/af-blueberry-review/,Al Fakherブルーベリーのフレーバーレビュー|特徴やおすすめミックスなど,Al Fakher,ブルーベリー,ブルーベリー,3,2,3,スパイス/フローラル系,Al Fakherブルーベリーのおすすめミックス,シナモン/カルダモン ジャスミン/ローズ,カルダモン,カルダモン,ブルーベリー -> カルダモン,カルダモン||ブルーベリー,ok,,True,False,False
shisha_lagos,editorial_review,lagos_af-blueberry-review,https://shisha-lagos.com/af-blueberry-review/,Al Fakherブルーベリーのフレーバーレビュー|特徴やおすすめミックスなど,Al Fakher,ブルーベリー,ブルーベリー,3,2,3,スパイス/フローラル系,Al Fakherブルーベリーのおすすめミックス,シナモン/カルダモン ジャスミン/ローズ,ジャスミン,ジャスミン,ブルーベリー -> ジャスミン,ジャスミン||ブルーベリー,ok,,True,False,False
shisha_lagos,editorial_review,lagos_af-blueberry-review,https://shisha-lagos.com/af-blueberry-review/,Al Fakherブルーベリーのフレーバーレビュー|特徴やおすすめミックスなど,Al Fakher,ブルーベリー,ブルーベリー,3,2,3,スパイス/フローラル系,Al Fakherブルーベリーのおすすめミックス,シナモン/カルダモン ジャスミン/ローズ,ローズ,ローズ,ブルーベリー -> ローズ,ブルーベリー||ローズ,ok,,True,False,False
shisha_lagos,editorial_review,lagos_af-strawberry-review,https://shisha-lagos.com/af-strawberry-review/,Al Fakherストロベリーのフレーバーレビュー|特徴やおすすめミックスなど,Al Fakher,ストロベリー,ストロベリー,3,2,1,フルーツ系,Al Fakherストロベリーのおすすめミックス,ブルーベリー/ラズベリー ココナッツ/グレナデン ライチ(Afzal),ブルーベリー,ブルーベリー,ストロベリー -> ブルーベリー,ストロベリー||ブルーベリー,ok,,True,False,False
shisha_lagos,editorial_review,lagos_af-strawberry-review,https://shisha-lagos.com/af-strawberry-review/,Al Fakherストロベリーのフレーバーレビュー|特徴やおすすめミックスなど,Al Fakher,ストロベリー,ストロベリー,3,2,1,フルーツ系,Al Fakherストロベリーのおすすめミックス,ブルーベリー/ラズベリー ココナッツ/グレナデン ライチ(Afzal),ラズベリー,ラズベリー,ストロベリー -> ラズベリー,ストロベリー||ラズベリー,ok,,True,False,False
shisha_lagos,editorial_review,lagos_af-strawberry-review,https://shisha-lagos.com/af-strawberry-review/,Al Fakherストロベリーのフレーバーレビュー|特徴やおすすめミックスなど,Al Fakher,ストロベリー,ストロベリー,3,2,1,フルーツ系,Al Fakherストロベリーのおすすめミックス,ブルーベリー/ラズベリー ココナッツ/グレナデン ライチ(Afzal),ココナッツ,ココナッツ,ストロベリー -> ココナッツ,ココナッツ||ストロベリー,ok,,True,False,False
shisha_lagos,editorial_review,lagos_af-strawberry-review,https://shisha-lagos.com/af-strawberry-review/,Al Fakherストロベリーのフレーバーレビュー|特徴やおすすめミックスなど,Al Fakher,ストロベリー,ストロベリー,3,2,1,フルーツ系,Al Fakherストロベリーのおすすめミックス,ブルーベリー/ラズベリー ココナッツ/グレナデン ライチ(Afzal),グレナデン,,,,unresolved,recommended_flavor_unregistered,False,False,False
shisha_lagos,editorial_review,lagos_af-strawberry-review,https://shisha-lagos.com/af-strawberry-review/,Al Fakherストロベリーのフレーバーレビュー|特徴やおすすめミックスなど,Al Fakher,ストロベリー,ストロベリー,3,2,1,フルーツ系,Al Fakherストロベリーのおすすめミックス,ブルーベリー/ラズベリー ココナッツ/グレナデン ライチ(Afzal),ライチ(Afzal),ライチ,ストロベリー -> ライチ,ストロベリー||ライチ,ok,,True,False,False
shisha_lagos,editorial_review,lagos_af-strawberry-review,https://shisha-lagos.com/af-strawberry-review/,Al Fakherストロベリーのフレーバーレビュー|特徴やおすすめミックスなど,Al Fakher,ストロベリー,ストロベリー,3,2,2,スイーツ系,Al Fakherストロベリーのおすすめミックス,バニラ/ミルク チョコレート,バニラ,バニラ,ストロベリー -> バニラ,ストロベリー||バニラ,ok,,True,False,False
shisha_lagos,editorial_review,lagos_af-strawberry-review,https://shisha-lagos.com/af-strawberry-review/,Al Fakherストロベリーのフレーバーレビュー|特徴やおすすめミックスなど,Al Fakher,ストロベリー,ストロベリー,3,2,2,スイーツ系,Al Fakherストロベリーのおすすめミックス,バニラ/ミルク チョコレート,ミルク,ミルク,ストロベリー -> ミルク,ストロベリー||ミルク,ok,,True,False,False
shisha_lagos,editorial_review,lagos_af-strawberry-review,https://shisha-lagos.com/af-strawberry-review/,Al Fakherストロベリーのフレーバーレビュー|特徴やおすすめミックスなど,Al Fakher,ストロベリー,ストロベリー,3,2,2,スイーツ系,Al Fakherストロベリーのおすすめミックス,バニラ/ミルク チョコレート,チョコレート,チョコレート,ストロベリー -> チョコレート,ストロベリー||チョコレート,ok,,True,False,False
shisha_lagos,editorial_review,lagos_af-strawberry-review,https://shisha-lagos.com/af-strawberry-review/,Al Fakherストロベリーのフレーバーレビュー|特徴やおすすめミックスなど,Al Fakher,ストロベリー,ストロベリー,3,2,3,スパイス/フローラル系,Al Fakherストロベリーのおすすめミックス,シナモン/ローズ,シナモン,シナモン,ストロベリー -> シナモン,シナモン||ストロベリー,ok,,True,False,False
shisha_lagos,editorial_review,lagos_af-strawberry-review,https://shisha-lagos.com/af-strawberry-review/,Al Fakherストロベリーのフレーバーレビュー|特徴やおすすめミックスなど,Al Fakher,ストロベリー,ストロベリー,3,2,3,スパイス/フローラル系,Al Fakherストロベリーのおすすめミックス,シナモン/ローズ,ローズ,ローズ,ストロベリー -> ローズ,ストロベリー||ローズ,ok,,True,False,False
