condition,min_pair_count,rank,flavor_a,flavor_b,pair_key,cooccurrence_count,frequency_a,frequency_b,support,lift
all_multi,1,1,アップルジュース,ストロベリーミルフィーユ,アップルジュース||ストロベリーミルフィーユ,1,1,1,0.005714285714285714,175.0
all_multi,1,2,アップルジュース,ネクタリン,アップルジュース||ネクタリン,1,1,1,0.005714285714285714,175.0
all_multi,1,3,アップルジュース,パパイヤ,アップルジュース||パパイヤ,1,1,1,0.005714285714285714,175.0
all_multi,1,4,アップルジュース,フリーキューバ,アップルジュース||フリーキューバ,1,1,1,0.005714285714285714,175.0
all_multi,1,5,アップルジュース,ブルーベリークランブル,アップルジュース||ブルーベリークランブル,1,1,1,0.005714285714285714,175.0
all_multi,1,6,アップルジュース,ベリーポップコーン,アップルジュース||ベリーポップコーン,1,1,1,0.005714285714285714,175.0
all_multi,1,7,アップルジュース,ベルギアンワッフル,アップルジュース||ベルギアンワッフル,1,1,1,0.005714285714285714,175.0
all_multi,1,8,コパカバーナ,ワイルドベリー,コパカバーナ||ワイルドベリー,1,1,1,0.005714285714285714,175.0
all_multi,1,9,ストロベリーミルフィーユ,ネクタリン,ストロベリーミルフィーユ||ネクタリン,1,1,1,0.005714285714285714,175.0
all_multi,1,10,ストロベリーミルフィーユ,パパイヤ,ストロベリーミルフィーユ||パパイヤ,1,1,1,0.005714285714285714,175.0
all_multi,1,11,ストロベリーミルフィーユ,フリーキューバ,ストロベリーミルフィーユ||フリーキューバ,1,1,1,0.005714285714285714,175.0
all_multi,1,12,ストロベリーミルフィーユ,ブルーベリークランブル,ストロベリーミルフィーユ||ブルーベリークランブル,1,1,1,0.005714285714285714,175.0
all_multi,1,13,ストロベリーミルフィーユ,ベリーポップコーン,ストロベリーミルフィーユ||ベリーポップコーン,1,1,1,0.005714285714285714,175.0
all_multi,1,14,ストロベリーミルフィーユ,ベルギアンワッフル,ストロベリーミルフィーユ||ベルギアンワッフル,1,1,1,0.005714285714285714,175.0
all_multi,1,15,ダークスープラ,ベルガモンスター,ダークスープラ||ベルガモンスター,1,1,1,0.005714285714285714,175.0
all_multi,1,16,ネクタリン,パパイヤ,ネクタリン||パパイヤ,1,1,1,0.005714285714285714,175.0
all_multi,1,17,ネクタリン,フリーキューバ,ネクタリン||フリーキューバ,1,1,1,0.005714285714285714,175.0
all_multi,1,18,ネクタリン,ブルーベリークランブル,ネクタリン||ブルーベリークランブル,1,1,1,0.005714285714285714,175.0
all_multi,1,19,ネクタリン,ベリーポップコーン,ネクタリン||ベリーポップコーン,1,1,1,0.005714285714285714,175.0
all_multi,1,20,ネクタリン,ベルギアンワッフル,ネクタリン||ベルギアンワッフル,1,1,1,0.005714285714285714,175.0
all_multi,2,1,アサイー,ストロベリーヨーグルト,アサイー||ストロベリーヨーグルト,2,6,2,0.011428571428571429,29.166666666666668
all_multi,2,2,カルダモンミルク,モヒート,カルダモンミルク||モヒート,4,5,6,0.022857142857142857,23.333333333333332
all_multi,2,3,ザクロ,ワイルドストロベリー,ザクロ||ワイルドストロベリー,2,6,3,0.011428571428571429,19.444444444444443
all_multi,2,4,ジンジャー,ジンジャーココナッツ,ジンジャー||ジンジャーココナッツ,2,7,3,0.011428571428571429,16.666666666666668
all_multi,2,5,WAFFLE,バター,WAFFLE||バター,2,3,8,0.011428571428571429,14.583333333333334
all_multi,2,6,クリーム,コーラ,クリーム||コーラ,2,3,8,0.011428571428571429,14.583333333333334
all_multi,2,7,スーパーノヴァ,バター,スーパーノヴァ||バター,2,3,8,0.011428571428571429,14.583333333333334
all_multi,2,8,バター,ピスタチオ,バター||ピスタチオ,2,8,3,0.011428571428571429,14.583333333333334
all_multi,2,9,WAFFLE,キャラメル,WAFFLE||キャラメル,3,3,14,0.017142857142857144,12.5
all_multi,2,10,ウォーターメロン,ピーチ,ウォーターメロン||ピーチ,2,3,10,0.011428571428571429,11.666666666666666
all_multi,2,11,カプチーノ,チョコレート,カプチーノ||チョコレート,2,4,8,0.011428571428571429,10.9375
all_multi,2,12,ラズベリー,ワイルドストロベリー,ラズベリー||ワイルドストロベリー,2,11,3,0.011428571428571429,10.606060606060606
all_multi,2,13,ウォーターメロン/スイカ,メロン,ウォーターメロン/スイカ||メロン,3,4,13,0.017142857142857144,10.096153846153847
all_multi,2,14,ミントクリーム,ローズ,ミントクリーム||ローズ,2,5,7,0.011428571428571429,10.0
all_multi,2,15,パッションフルーツ,ワイルドストロベリー,パッションフルーツ||ワイルドストロベリー,2,12,3,0.011428571428571429,9.722222222222221
all_multi,2,16,カルダモンミルク,バナナ,カルダモンミルク||バナナ,4,5,15,0.022857142857142857,9.333333333333334
all_multi,2,17,グレープ,グレープミント,グレープ||グレープミント,2,19,2,0.011428571428571429,9.210526315789474
all_multi,2,18,WAFFLE,ストロベリー,WAFFLE||ストロベリー,2,3,13,0.011428571428571429,8.974358974358974
all_multi,2,19,クリーム,ストロベリー,クリーム||ストロベリー,2,3,13,0.011428571428571429,8.974358974358974
all_multi,2,20,キウイ,ピーチ,キウイ||ピーチ,4,8,10,0.022857142857142857,8.75
all_multi,3,1,カルダモンミルク,モヒート,カルダモンミルク||モヒート,4,5,6,0.022857142857142857,23.333333333333332
all_multi,3,2,WAFFLE,キャラメル,WAFFLE||キャラメル,3,3,14,0.017142857142857144,12.5
all_multi,3,3,ウォーターメロン/スイカ,メロン,ウォーターメロン/スイカ||メロン,3,4,13,0.017142857142857144,10.096153846153847
all_multi,3,4,カルダモンミルク,バナナ,カルダモンミルク||バナナ,4,5,15,0.022857142857142857,9.333333333333334
all_multi,3,5,キウイ,ピーチ,キウイ||ピーチ,4,8,10,0.022857142857142857,8.75
all_multi,3,6,ザクロ,チェリー,ザクロ||チェリー,4,6,14,0.022857142857142857,8.333333333333334
all_multi,3,7,アールグレイ,コニャック,アールグレイ||コニャック,5,18,6,0.02857142857142857,8.101851851851851
all_multi,3,8,アサイー,ラズベリー,アサイー||ラズベリー,3,6,11,0.017142857142857144,7.954545454545454
all_multi,3,9,ザクロ,ラズベリー,ザクロ||ラズベリー,3,6,11,0.017142857142857144,7.954545454545454
all_multi,3,10,バナナ,モヒート,バナナ||モヒート,4,15,6,0.022857142857142857,7.777777777777778
all_multi,3,11,ザクロ,ライチ,ザクロ||ライチ,4,6,16,0.022857142857142857,7.291666666666667
all_multi,3,12,ザクロ,パッションフルーツ,ザクロ||パッションフルーツ,3,6,12,0.017142857142857144,7.291666666666667
all_multi,3,13,アサイー,ベリー,アサイー||ベリー,6,6,30,0.03428571428571429,5.833333333333333
all_multi,3,14,クリーム,ベリー,クリーム||ベリー,3,3,30,0.017142857142857144,5.833333333333333
all_multi,3,15,カルダモン,シナモン,カルダモン||シナモン,4,11,11,0.022857142857142857,5.785123966942149
all_multi,3,16,チェリー,ラズベリー,チェリー||ラズベリー,5,14,11,0.02857142857142857,5.681818181818182
all_multi,3,17,シガー,バター,シガー||バター,4,17,8,0.022857142857142857,5.147058823529412
all_multi,3,18,ザクロ,シガー,ザクロ||シガー,3,6,17,0.017142857142857144,5.147058823529412
all_multi,3,19,コーラ,ストロベリー,コーラ||ストロベリー,3,8,13,0.017142857142857144,5.048076923076923
all_multi,3,20,コニャック,バニラ,コニャック||バニラ,6,6,36,0.03428571428571429,4.861111111111111
limited_2_5,1,1,カシミール,パンラズナ,カシミール||パンラズナ,1,1,1,0.008264462809917356,121.0
limited_2_5,1,2,スーパーノヴァ,バター,スーパーノヴァ||バター,1,1,1,0.008264462809917356,121.0
limited_2_5,1,3,ニードルス,ワイルドストロベリー,ニードルス||ワイルドストロベリー,1,1,1,0.008264462809917356,121.0
limited_2_5,1,4,アサイー,スペシャルパン,アサイー||スペシャルパン,1,2,1,0.008264462809917356,60.5
limited_2_5,1,5,アサイー,ラズベリー,アサイー||ラズベリー,1,2,1,0.008264462809917356,60.5
limited_2_5,1,6,アプリコット,カシミール,アプリコット||カシミール,1,2,1,0.008264462809917356,60.5
limited_2_5,1,7,アプリコット,パンラズナ,アプリコット||パンラズナ,1,2,1,0.008264462809917356,60.5
limited_2_5,1,8,アプリコット,ホワイトピーチ,アプリコット||ホワイトピーチ,1,2,1,0.008264462809917356,60.5
limited_2_5,1,9,クインス,リンデンティー,クインス||リンデンティー,1,1,2,0.008264462809917356,60.5
limited_2_5,1,10,ネスクイックリー,ピーナッツバター,ネスクイックリー||ピーナッツバター,1,1,2,0.008264462809917356,60.5
limited_2_5,1,11,ブラウンシュガー,ベルガモットティー,ブラウンシュガー||ベルガモットティー,1,1,2,0.008264462809917356,60.5
limited_2_5,1,12,ブルークラウド,ブルーヘブン,ブルークラウド||ブルーヘブン,1,1,2,0.008264462809917356,60.5
limited_2_5,1,13,オレンジミント,チョコレート,オレンジミント||チョコレート,1,1,3,0.008264462809917356,40.333333333333336
limited_2_5,1,14,ジンジャー,ジンジャーココナッツ,ジンジャー||ジンジャーココナッツ,1,3,1,0.008264462809917356,40.333333333333336
limited_2_5,1,15,ブルークラウド,ミントクリーム,ブルークラウド||ミントクリーム,1,1,3,0.008264462809917356,40.333333333333336
limited_2_5,1,16,ホワイトピーチ,ミントクリーム,ホワイトピーチ||ミントクリーム,1,1,3,0.008264462809917356,40.333333333333336
limited_2_5,1,17,ホワイトピーチ,ローズ,ホワイトピーチ||ローズ,1,1,3,0.008264462809917356,40.333333333333336
limited_2_5,1,18,ラズベリー,ローズ,ラズベリー||ローズ,1,1,3,0.008264462809917356,40.333333333333336
limited_2_5,1,19,アマゾン,カルダモン,アマゾン||カルダモン,1,1,4,0.008264462809917356,30.25
limited_2_5,1,20,カルダモン,ガムシナモン,カルダモン||ガムシナモン,1,4,1,0.008264462809917356,30.25
limited_2_5,2,1,カルダモンミルク,モヒート,カルダモンミルク||モヒート,3,4,5,0.024793388429752067,18.15
limited_2_5,2,2,カルダモン,チェリー,カルダモン||チェリー,2,4,5,0.01652892561983471,12.1
limited_2_5,2,3,アールグレイ,コニャック,アールグレイ||コニャック,5,11,5,0.04132231404958678,11.0
limited_2_5,2,4,グレープ,グレープミント,グレープ||グレープミント,2,13,2,0.01652892561983471,9.307692307692308
limited_2_5,2,5,グアバ,パッションフルーツ,グアバ||パッションフルーツ,3,8,5,0.024793388429752067,9.075
limited_2_5,2,6,ブルーベリー,ミントクリーム,ブルーベリー||ミントクリーム,2,9,3,0.01652892561983471,8.962962962962964
limited_2_5,2,7,アサイー,ベリー,アサイー||ベリー,2,2,14,0.01652892561983471,8.642857142857142
limited_2_5,2,8,カルダモン,シナモン,カルダモン||シナモン,2,4,7,0.01652892561983471,8.642857142857142
limited_2_5,2,9,カルダモンミルク,バナナ,カルダモンミルク||バナナ,3,4,11,0.024793388429752067,8.25
limited_2_5,2,10,ウォーターメロン/スイカ,メロン,ウォーターメロン/スイカ||メロン,2,3,10,0.01652892561983471,8.066666666666666
limited_2_5,2,11,オレンジ,タンジェリン,オレンジ||タンジェリン,2,11,3,0.01652892561983471,7.333333333333333
limited_2_5,2,12,コニャック,バニラ,コニャック||バニラ,5,5,17,0.04132231404958678,7.117647058823529
limited_2_5,2,13,カプチーノ,バニラ,カプチーノ||バニラ,2,2,17,0.01652892561983471,7.117647058823529
limited_2_5,2,14,ゴールデンデリシャスアップル,シナモン,ゴールデンデリシャスアップル||シナモン,2,5,7,0.01652892561983471,6.914285714285715
limited_2_5,2,15,バナナ,モヒート,バナナ||モヒート,3,11,5,0.024793388429752067,6.6
limited_2_5,2,16,グアバ,パイナップル,グアバ||パイナップル,2,8,5,0.01652892561983471,6.05
limited_2_5,2,17,キャラメル,ココナッツ,キャラメル||ココナッツ,2,6,7,0.01652892561983471,5.761904761904762
limited_2_5,2,18,キャラメル,シナモン,キャラメル||シナモン,2,6,7,0.01652892561983471,5.761904761904762
limited_2_5,2,19,グレープミント,ミント,グレープミント||ミント,2,2,21,0.01652892561983471,5.761904761904762
limited_2_5,2,20,オレンジ,グレープフルーツ,オレンジ||グレープフルーツ,4,11,8,0.03305785123966942,5.5
limited_2_5,3,1,カルダモンミルク,モヒート,カルダモンミルク||モヒート,3,4,5,0.024793388429752067,18.15
limited_2_5,3,2,アールグレイ,コニャック,アールグレイ||コニャック,5,11,5,0.04132231404958678,11.0
limited_2_5,3,3,グアバ,パッションフルーツ,グアバ||パッションフルーツ,3,8,5,0.024793388429752067,9.075
limited_2_5,3,4,カルダモンミルク,バナナ,カルダモンミルク||バナナ,3,4,11,0.024793388429752067,8.25
limited_2_5,3,5,コニャック,バニラ,コニャック||バニラ,5,5,17,0.04132231404958678,7.117647058823529
limited_2_5,3,6,バナナ,モヒート,バナナ||モヒート,3,11,5,0.024793388429752067,6.6
limited_2_5,3,7,オレンジ,グレープフルーツ,オレンジ||グレープフルーツ,4,11,8,0.03305785123966942,5.5
limited_2_5,3,8,カルダモンミルク,ミルク,カルダモンミルク||ミルク,4,4,26,0.03305785123966942,4.653846153846154
limited_2_5,3,9,アールグレイ,バニラ,アールグレイ||バニラ,6,11,17,0.049586776859504134,3.8823529411764706
limited_2_5,3,10,ココナッツ,ハニー,ココナッツ||ハニー,3,7,15,0.024793388429752067,3.4571428571428573
limited_2_5,3,11,ハニー,メロン,ハニー||メロン,4,15,10,0.03305785123966942,3.2266666666666666
limited_2_5,3,12,グレープ,ミント,グレープ||ミント,7,13,21,0.05785123966942149,3.1025641025641026
limited_2_5,3,13,ブルーベリー,ベリー,ブルーベリー||ベリー,3,9,14,0.024793388429752067,2.880952380952381
limited_2_5,3,14,ミルク,モヒート,ミルク||モヒート,3,26,5,0.024793388429752067,2.792307692307692
limited_2_5,3,15,ココナッツ,ミルク,ココナッツ||ミルク,4,7,26,0.03305785123966942,2.659340659340659
limited_2_5,3,16,ミント,ライム,ミント||ライム,3,21,7,0.024793388429752067,2.4693877551020407
limited_2_5,3,17,ミルク,メロン,ミルク||メロン,5,26,10,0.04132231404958678,2.326923076923077
limited_2_5,3,18,バナナ,ミルク,バナナ||ミルク,5,11,26,0.04132231404958678,2.1153846153846154
limited_2_5,3,19,メロン,レモン,メロン||レモン,3,10,18,0.024793388429752067,2.0166666666666666
limited_2_5,3,20,グレープ,ベリー,グレープ||ベリー,3,13,14,0.024793388429752067,1.9945054945054945
mix_keyword_2_5,1,1,カシミール,パンラズナ,カシミール||パンラズナ,1,1,1,0.008849557522123894,113.0
mix_keyword_2_5,1,2,スーパーノヴァ,バター,スーパーノヴァ||バター,1,1,1,0.008849557522123894,113.0
mix_keyword_2_5,1,3,ニードルス,ワイルドストロベリー,ニードルス||ワイルドストロベリー,1,1,1,0.008849557522123894,113.0
mix_keyword_2_5,1,4,アサイー,スペシャルパン,アサイー||スペシャルパン,1,2,1,0.008849557522123894,56.5
mix_keyword_2_5,1,5,アサイー,ラズベリー,アサイー||ラズベリー,1,2,1,0.008849557522123894,56.5
mix_keyword_2_5,1,6,アプリコット,カシミール,アプリコット||カシミール,1,2,1,0.008849557522123894,56.5
mix_keyword_2_5,1,7,アプリコット,パンラズナ,アプリコット||パンラズナ,1,2,1,0.008849557522123894,56.5
mix_keyword_2_5,1,8,アプリコット,ホワイトピーチ,アプリコット||ホワイトピーチ,1,2,1,0.008849557522123894,56.5
mix_keyword_2_5,1,9,クインス,リンデンティー,クインス||リンデンティー,1,1,2,0.008849557522123894,56.5
mix_keyword_2_5,1,10,ネスクイックリー,ピーナッツバター,ネスクイックリー||ピーナッツバター,1,1,2,0.008849557522123894,56.5
mix_keyword_2_5,1,11,ブラウンシュガー,ベルガモットティー,ブラウンシュガー||ベルガモットティー,1,1,2,0.008849557522123894,56.5
mix_keyword_2_5,1,12,ブルークラウド,ブルーヘブン,ブルークラウド||ブルーヘブン,1,1,2,0.008849557522123894,56.5
mix_keyword_2_5,1,13,オレンジミント,チョコレート,オレンジミント||チョコレート,1,1,3,0.008849557522123894,37.666666666666664
mix_keyword_2_5,1,14,ジンジャー,ジンジャーココナッツ,ジンジャー||ジンジャーココナッツ,1,3,1,0.008849557522123894,37.666666666666664
mix_keyword_2_5,1,15,ブルークラウド,ミントクリーム,ブルークラウド||ミントクリーム,1,1,3,0.008849557522123894,37.666666666666664
mix_keyword_2_5,1,16,ホワイトピーチ,ミントクリーム,ホワイトピーチ||ミントクリーム,1,1,3,0.008849557522123894,37.666666666666664
mix_keyword_2_5,1,17,ホワイトピーチ,ローズ,ホワイトピーチ||ローズ,1,1,3,0.008849557522123894,37.666666666666664
mix_keyword_2_5,1,18,ラズベリー,ローズ,ラズベリー||ローズ,1,1,3,0.008849557522123894,37.666666666666664
mix_keyword_2_5,1,19,アマゾン,カルダモン,アマゾン||カルダモン,1,1,4,0.008849557522123894,28.25
mix_keyword_2_5,1,20,アマゾン,チェリー,アマゾン||チェリー,1,1,4,0.008849557522123894,28.25
mix_keyword_2_5,2,1,カルダモンミルク,モヒート,カルダモンミルク||モヒート,3,4,4,0.02654867256637168,21.1875
mix_keyword_2_5,2,2,カルダモン,チェリー,カルダモン||チェリー,2,4,4,0.017699115044247787,14.125
mix_keyword_2_5,2,3,オレンジ,タンジェリン,オレンジ||タンジェリン,2,9,2,0.017699115044247787,12.555555555555555
mix_keyword_2_5,2,4,アールグレイ,コニャック,アールグレイ||コニャック,5,10,5,0.04424778761061947,11.3
mix_keyword_2_5,2,5,カルダモン,シナモン,カルダモン||シナモン,2,4,6,0.017699115044247787,9.416666666666666
mix_keyword_2_5,2,6,グレープ,グレープミント,グレープ||グレープミント,2,12,2,0.017699115044247787,9.416666666666666
mix_keyword_2_5,2,7,アサイー,ベリー,アサイー||ベリー,2,2,13,0.017699115044247787,8.692307692307692
mix_keyword_2_5,2,8,グアバ,パッションフルーツ,グアバ||パッションフルーツ,3,8,5,0.02654867256637168,8.475
mix_keyword_2_5,2,9,ブルーベリー,ミントクリーム,ブルーベリー||ミントクリーム,2,9,3,0.017699115044247787,8.37037037037037
mix_keyword_2_5,2,10,カルダモンミルク,バナナ,カルダモンミルク||バナナ,3,4,11,0.02654867256637168,7.704545454545454
mix_keyword_2_5,2,11,バナナ,モヒート,バナナ||モヒート,3,11,4,0.02654867256637168,7.704545454545454
mix_keyword_2_5,2,12,コニャック,バニラ,コニャック||バニラ,5,5,17,0.04424778761061947,6.647058823529412
mix_keyword_2_5,2,13,カプチーノ,バニラ,カプチーノ||バニラ,2,2,17,0.017699115044247787,6.647058823529412
mix_keyword_2_5,2,14,キャラメル,シナモン,キャラメル||シナモン,2,6,6,0.017699115044247787,6.277777777777778
mix_keyword_2_5,2,15,グアバ,パイナップル,グアバ||パイナップル,2,8,5,0.017699115044247787,5.65
mix_keyword_2_5,2,16,グレープミント,ミント,グレープミント||ミント,2,2,20,0.017699115044247787,5.65
mix_keyword_2_5,2,17,オレンジ,グレープフルーツ,オレンジ||グレープフルーツ,3,9,7,0.02654867256637168,5.380952380952381
mix_keyword_2_5,2,18,キャラメル,ココナッツ,キャラメル||ココナッツ,2,6,7,0.017699115044247787,5.380952380952381
mix_keyword_2_5,2,19,カルダモンミルク,ミルク,カルダモンミルク||ミルク,4,4,26,0.035398230088495575,4.346153846153846
mix_keyword_2_5,2,20,バナナ,ピーチ,バナナ||ピーチ,2,11,5,0.017699115044247787,4.109090909090909
mix_keyword_2_5,3,1,カルダモンミルク,モヒート,カルダモンミルク||モヒート,3,4,4,0.02654867256637168,21.1875
mix_keyword_2_5,3,2,アールグレイ,コニャック,アールグレイ||コニャック,5,10,5,0.04424778761061947,11.3
mix_keyword_2_5,3,3,グアバ,パッションフルーツ,グアバ||パッションフルーツ,3,8,5,0.02654867256637168,8.475
mix_keyword_2_5,3,4,カルダモンミルク,バナナ,カルダモンミルク||バナナ,3,4,11,0.02654867256637168,7.704545454545454
mix_keyword_2_5,3,5,バナナ,モヒート,バナナ||モヒート,3,11,4,0.02654867256637168,7.704545454545454
mix_keyword_2_5,3,6,コニャック,バニラ,コニャック||バニラ,5,5,17,0.04424778761061947,6.647058823529412
mix_keyword_2_5,3,7,オレンジ,グレープフルーツ,オレンジ||グレープフルーツ,3,9,7,0.02654867256637168,5.380952380952381
mix_keyword_2_5,3,8,カルダモンミルク,ミルク,カルダモンミルク||ミルク,4,4,26,0.035398230088495575,4.346153846153846
mix_keyword_2_5,3,9,アールグレイ,バニラ,アールグレイ||バニラ,6,10,17,0.05309734513274336,3.988235294117647
mix_keyword_2_5,3,10,ハニー,メロン,ハニー||メロン,4,15,9,0.035398230088495575,3.348148148148148
mix_keyword_2_5,3,11,グレープ,ミント,グレープ||ミント,7,12,20,0.061946902654867256,3.2958333333333334
mix_keyword_2_5,3,12,ミルク,モヒート,ミルク||モヒート,3,26,4,0.02654867256637168,3.2596153846153846
mix_keyword_2_5,3,13,ココナッツ,ハニー,ココナッツ||ハニー,3,7,15,0.02654867256637168,3.2285714285714286
mix_keyword_2_5,3,14,ブルーベリー,ベリー,ブルーベリー||ベリー,3,9,13,0.02654867256637168,2.8974358974358974
mix_keyword_2_5,3,15,ココナッツ,ミルク,ココナッツ||ミルク,4,7,26,0.035398230088495575,2.4835164835164836
mix_keyword_2_5,3,16,ミルク,メロン,ミルク||メロン,5,26,9,0.04424778761061947,2.4145299145299144
mix_keyword_2_5,3,17,メロン,レモン,メロン||レモン,3,9,16,0.02654867256637168,2.3541666666666665
mix_keyword_2_5,3,18,ミント,レモン,ミント||レモン,6,20,16,0.05309734513274336,2.11875
mix_keyword_2_5,3,19,バナナ,ミルク,バナナ||ミルク,5,11,26,0.04424778761061947,1.9755244755244756
mix_keyword_2_5,3,20,ミント,メロン,ミント||メロン,3,20,9,0.02654867256637168,1.8833333333333333
