ranking_type,condition_left,condition_right,top_k,min_pair_count,recommended_for_poster,pair_key,flavor_a,flavor_b,membership,rank_left,rank_right,rank_diff_right_minus_left,score_left,score_right,common_pair_count,jaccard_top_k,spearman_top_k
lift,all_multi,limited_2_5,10,1,False,アサイー||スペシャルパン,アサイー,スペシャルパン,only_right,,4,,,60.5,0,0.0,
lift,all_multi,limited_2_5,10,1,False,アサイー||ラズベリー,アサイー,ラズベリー,only_right,,5,,,60.5,0,0.0,
lift,all_multi,limited_2_5,10,1,False,アップルジュース||ストロベリーミルフィーユ,アップルジュース,ストロベリーミルフィーユ,only_left,1,,,175.0,,0,0.0,
lift,all_multi,limited_2_5,10,1,False,アップルジュース||ネクタリン,アップルジュース,ネクタリン,only_left,2,,,175.0,,0,0.0,
lift,all_multi,limited_2_5,10,1,False,アップルジュース||パパイヤ,アップルジュース,パパイヤ,only_left,3,,,175.0,,0,0.0,
lift,all_multi,limited_2_5,10,1,False,アップルジュース||フリーキューバ,アップルジュース,フリーキューバ,only_left,4,,,175.0,,0,0.0,
lift,all_multi,limited_2_5,10,1,False,アップルジュース||ブルーベリークランブル,アップルジュース,ブルーベリークランブル,only_left,5,,,175.0,,0,0.0,
lift,all_multi,limited_2_5,10,1,False,アップルジュース||ベリーポップコーン,アップルジュース,ベリーポップコーン,only_left,6,,,175.0,,0,0.0,
lift,all_multi,limited_2_5,10,1,False,アップルジュース||ベルギアンワッフル,アップルジュース,ベルギアンワッフル,only_left,7,,,175.0,,0,0.0,
lift,all_multi,limited_2_5,10,1,False,アプリコット||カシミール,アプリコット,カシミール,only_right,,6,,,60.5,0,0.0,
lift,all_multi,limited_2_5,10,1,False,アプリコット||パンラズナ,アプリコット,パンラズナ,only_right,,7,,,60.5,0,0.0,
lift,all_multi,limited_2_5,10,1,False,アプリコット||ホワイトピーチ,アプリコット,ホワイトピーチ,only_right,,8,,,60.5,0,0.0,
lift,all_multi,limited_2_5,10,1,False,カシミール||パンラズナ,カシミール,パンラズナ,only_right,,1,,,121.0,0,0.0,
lift,all_multi,limited_2_5,10,1,False,クインス||リンデンティー,クインス,リンデンティー,only_right,,9,,,60.5,0,0.0,
lift,all_multi,limited_2_5,10,1,False,コパカバーナ||ワイルドベリー,コパカバーナ,ワイルドベリー,only_left,8,,,175.0,,0,0.0,
lift,all_multi,limited_2_5,10,1,False,ストロベリーミルフィーユ||ネクタリン,ストロベリーミルフィーユ,ネクタリン,only_left,9,,,175.0,,0,0.0,
lift,all_multi,limited_2_5,10,1,False,ストロベリーミルフィーユ||パパイヤ,ストロベリーミルフィーユ,パパイヤ,only_left,10,,,175.0,,0,0.0,
lift,all_multi,limited_2_5,10,1,False,スーパーノヴァ||バター,スーパーノヴァ,バター,only_right,,2,,,121.0,0,0.0,
lift,all_multi,limited_2_5,10,1,False,ニードルス||ワイルドストロベリー,ニードルス,ワイルドストロベリー,only_right,,3,,,121.0,0,0.0,
lift,all_multi,limited_2_5,10,1,False,ネスクイックリー||ピーナッツバター,ネスクイックリー,ピーナッツバター,only_right,,10,,,60.5,0,0.0,
lift,all_multi,limited_2_5,10,2,True,WAFFLE||キャラメル,WAFFLE,キャラメル,only_left,9,,,12.5,,1,0.05263157894736842,
lift,all_multi,limited_2_5,10,2,True,WAFFLE||バター,WAFFLE,バター,only_left,5,,,14.583333333333334,,1,0.05263157894736842,
lift,all_multi,limited_2_5,10,2,True,アサイー||ストロベリーヨーグルト,アサイー,ストロベリーヨーグルト,only_left,1,,,29.166666666666668,,1,0.05263157894736842,
lift,all_multi,limited_2_5,10,2,True,アサイー||ベリー,アサイー,ベリー,only_right,,7,,,8.642857142857142,1,0.05263157894736842,
lift,all_multi,limited_2_5,10,2,True,アールグレイ||コニャック,アールグレイ,コニャック,only_right,,3,,,11.0,1,0.05263157894736842,
lift,all_multi,limited_2_5,10,2,True,ウォーターメロン/スイカ||メロン,ウォーターメロン/スイカ,メロン,only_right,,10,,,8.066666666666666,1,0.05263157894736842,
lift,all_multi,limited_2_5,10,2,True,ウォーターメロン||ピーチ,ウォーターメロン,ピーチ,only_left,10,,,11.666666666666666,,1,0.05263157894736842,
lift,all_multi,limited_2_5,10,2,True,カルダモン||シナモン,カルダモン,シナモン,only_right,,8,,,8.642857142857142,1,0.05263157894736842,
lift,all_multi,limited_2_5,10,2,True,カルダモン||チェリー,カルダモン,チェリー,only_right,,2,,,12.1,1,0.05263157894736842,
lift,all_multi,limited_2_5,10,2,True,カルダモンミルク||バナナ,カルダモンミルク,バナナ,only_right,,9,,,8.25,1,0.05263157894736842,
lift,all_multi,limited_2_5,10,2,True,カルダモンミルク||モヒート,カルダモンミルク,モヒート,common,2,1,-1,23.333333333333332,18.15,1,0.05263157894736842,
lift,all_multi,limited_2_5,10,2,True,クリーム||コーラ,クリーム,コーラ,only_left,6,,,14.583333333333334,,1,0.05263157894736842,
lift,all_multi,limited_2_5,10,2,True,グアバ||パッションフルーツ,グアバ,パッションフルーツ,only_right,,5,,,9.075,1,0.05263157894736842,
lift,all_multi,limited_2_5,10,2,True,グレープ||グレープミント,グレープ,グレープミント,only_right,,4,,,9.307692307692308,1,0.05263157894736842,
lift,all_multi,limited_2_5,10,2,True,ザクロ||ワイルドストロベリー,ザクロ,ワイルドストロベリー,only_left,3,,,19.444444444444443,,1,0.05263157894736842,
lift,all_multi,limited_2_5,10,2,True,ジンジャー||ジンジャーココナッツ,ジンジャー,ジンジャーココナッツ,only_left,4,,,16.666666666666668,,1,0.05263157894736842,
lift,all_multi,limited_2_5,10,2,True,スーパーノヴァ||バター,スーパーノヴァ,バター,only_left,7,,,14.583333333333334,,1,0.05263157894736842,
lift,all_multi,limited_2_5,10,2,True,バター||ピスタチオ,バター,ピスタチオ,only_left,8,,,14.583333333333334,,1,0.05263157894736842,
lift,all_multi,limited_2_5,10,2,True,ブルーベリー||ミントクリーム,ブルーベリー,ミントクリーム,only_right,,6,,,8.962962962962964,1,0.05263157894736842,
lift,all_multi,limited_2_5,10,3,False,WAFFLE||キャラメル,WAFFLE,キャラメル,only_left,2,,,12.5,,4,0.25,0.7999999999999999
lift,all_multi,limited_2_5,10,3,False,アサイー||ラズベリー,アサイー,ラズベリー,only_left,8,,,7.954545454545454,,4,0.25,0.7999999999999999
lift,all_multi,limited_2_5,10,3,False,アールグレイ||コニャック,アールグレイ,コニャック,common,7,2,-5,8.101851851851851,11.0,4,0.25,0.7999999999999999
lift,all_multi,limited_2_5,10,3,False,アールグレイ||バニラ,アールグレイ,バニラ,only_right,,9,,,3.8823529411764706,4,0.25,0.7999999999999999
lift,all_multi,limited_2_5,10,3,False,ウォーターメロン/スイカ||メロン,ウォーターメロン/スイカ,メロン,only_left,3,,,10.096153846153847,,4,0.25,0.7999999999999999
lift,all_multi,limited_2_5,10,3,False,オレンジ||グレープフルーツ,オレンジ,グレープフルーツ,only_right,,7,,,5.5,4,0.25,0.7999999999999999
lift,all_multi,limited_2_5,10,3,False,カルダモンミルク||バナナ,カルダモンミルク,バナナ,common,4,4,0,9.333333333333334,8.25,4,0.25,0.7999999999999999
lift,all_multi,limited_2_5,10,3,False,カルダモンミルク||ミルク,カルダモンミルク,ミルク,only_right,,8,,,4.653846153846154,4,0.25,0.7999999999999999
lift,all_multi,limited_2_5,10,3,False,カルダモンミルク||モヒート,カルダモンミルク,モヒート,common,1,1,0,23.333333333333332,18.15,4,0.25,0.7999999999999999
lift,all_multi,limited_2_5,10,3,False,キウイ||ピーチ,キウイ,ピーチ,only_left,5,,,8.75,,4,0.25,0.7999999999999999
lift,all_multi,limited_2_5,10,3,False,グアバ||パッションフルーツ,グアバ,パッションフルーツ,only_right,,3,,,9.075,4,0.25,0.7999999999999999
lift,all_multi,limited_2_5,10,3,False,ココナッツ||ハニー,ココナッツ,ハニー,only_right,,10,,,3.4571428571428573,4,0.25,0.7999999999999999
lift,all_multi,limited_2_5,10,3,False,コニャック||バニラ,コニャック,バニラ,only_right,,5,,,7.117647058823529,4,0.25,0.7999999999999999
lift,all_multi,limited_2_5,10,3,False,ザクロ||チェリー,ザクロ,チェリー,only_left,6,,,8.333333333333334,,4,0.25,0.7999999999999999
lift,all_multi,limited_2_5,10,3,False,ザクロ||ラズベリー,ザクロ,ラズベリー,only_left,9,,,7.954545454545454,,4,0.25,0.7999999999999999
lift,all_multi,limited_2_5,10,3,False,バナナ||モヒート,バナナ,モヒート,common,10,6,-4,7.777777777777778,6.6,4,0.25,0.7999999999999999
