rank_overall,rank_support,rank_lift,rank_support_lift,flavor_a,flavor_b,pair_key,support,lift,centrality_mean,centrality_max,centrality_geometric_mean,positive_document_ratio,negative_document_ratio,taste_role_explanation_ratio,normalized_support,normalized_lift,normalized_centrality_mean,normalized_positive_document_ratio,normalized_taste_role_explanation_ratio,support_log1p,lift_clipped,support_lift_score,overall_score,pair_count,evidence_document_count,frequency_a,frequency_b,centrality_a,centrality_b,same_sentence_count,same_document_count,positive_expression_count,negative_expression_count,taste_role_explanation_count,taste_sweetness_count,taste_acidity_count,taste_bitterness_count,taste_roastiness_count,taste_richness_count,taste_fruity_count,taste_spicy_count,experience_coolness_count,experience_smoothness_count,experience_heaviness_count,experience_balance_count,experience_aroma_count,experience_smoke_count,evaluation_positive_count,evaluation_negative_count,pair_count_log1p,normalized_pair_count
4,6,2,1,アールグレイ,コニャック,アールグレイ||コニャック,0.041666666666666664,13.333333333333334,0.050351929769882085,0.09969092514674563,0.010048898783099367,0.0,0.0,1.0,0.6048067353801994,0.910839351163045,0.19135842261019242,0.0,1.0,0.040821994520255124,13.333333333333334,0.7578230432716222,0.5474235429268596,5,5,9,5,0.09969092514674563,0.0010129343930185444,0,5,0,0,5,0,0,0,0,0,0,0,0,0,0,0,20,0,0,0,1.791759469228055,0.7066950526114238
20,14,1,2,カルダモンミルク,モヒート,カルダモンミルク||モヒート,0.025,18.0,0.0009252766090073242,0.0012272089761570827,0.0008746277201435113,0.3333333333333333,0.0,0.0,0.2032391116601348,1.0,0.0,0.3333333333333333,0.0,0.0246926125903715,14.593333333333316,0.6016195558300674,0.3609717334980404,3,3,4,5,0.0006233442418575658,0.0012272089761570827,0,3,1,0,0,0,1,0,0,0,0,0,1,0,0,0,0,0,1,0,1.3862943611198906,0.2933049473885764
1,1,28,3,グレープ,ミント,グレープ||ミント,0.058333333333333334,3.230769230769231,0.14291405084708034,0.22714506482038047,0.11545372325980476,0.42857142857142855,0.0,0.7142857142857143,1.0,0.1959574699713324,0.549718545136296,0.42857142857142855,0.7142857142857143,0.05669534367654528,3.230769230769231,0.5979787349856662,0.594647362234378,7,7,13,20,0.05868303687378021,0.22714506482038047,5,7,3,0,5,0,2,0,0,0,0,0,4,1,0,3,1,0,6,0,2.0794415416798357,1.0
5,2,21,4,アールグレイ,バニラ,アールグレイ||バニラ,0.05,4.705882352941177,0.16191496545633993,0.22413900576593426,0.14948118559296264,0.0,0.0,0.8333333333333334,0.8031874895422646,0.3003400438449506,0.6232817911838163,0.0,0.8333333333333334,0.04879016416943201,4.705882352941177,0.5517637666936076,0.5240309493940136,6,6,9,17,0.09969092514674563,0.22413900576593426,0,6,0,0,5,0,0,0,0,0,0,0,0,0,0,0,20,0,0,0,1.9459101490553132,0.8638586765081668
8,7,12,5,コニャック,バニラ,コニャック||バニラ,0.041666666666666664,7.0588235294117645,0.11257597007947641,0.22413900576593426,0.015067783770591368,0.0,0.0,1.0,0.6048067353801994,0.4668398549317036,0.43226274124414027,0.0,1.0,0.040821994520255124,7.0588235294117645,0.5358232951559515,0.4846045325958137,5,5,5,17,0.0010129343930185444,0.22413900576593426,5,5,0,0,5,0,0,0,0,0,0,0,0,0,0,0,10,0,0,0,1.791759469228055,0.7066950526114238
6,3,48,6,ミント,レモン,ミント||レモン,0.05,2.0,0.14937489332650628,0.22714506482038047,0.12753297292119603,0.3333333333333333,0.0,0.8333333333333334,0.8031874895422646,0.10886526109518466,0.5747321065759472,0.3333333333333333,0.8333333333333334,0.04879016416943201,2.0,0.45602637531872464,0.5164523167849983,6,6,20,18,0.22714506482038047,0.07160472183263207,6,6,2,0,5,0,1,0,0,0,0,0,5,0,0,2,1,0,2,0,1.9459101490553132,0.8638586765081668
3,4,53,7,ハニー,ミルク,ハニー||ミルク,0.05,1.8461538461538463,0.2242227676484338,0.2912926601215521,0.21395672238929042,0.6666666666666666,0.0,0.5,0.8031874895422646,0.0979787349856662,0.8645103992584795,0.6666666666666666,0.5,0.04879016416943201,1.8461538461538463,0.4505831122639654,0.5883530104607919,6,6,15,26,0.15715287517531554,0.2912926601215521,4,6,4,0,3,3,0,0,0,1,0,1,1,0,0,1,0,0,6,0,1.9459101490553132,0.8638586765081668
2,5,58,8,バニラ,ミルク,バニラ||ミルク,0.05,1.6289592760180995,0.2577158329437432,0.2912926601215521,0.25551917193541246,0.3333333333333333,0.0,0.8333333333333334,0.8031874895422646,0.0826095216545813,0.9941809258553314,0.3333333333333333,0.8333333333333334,0.04879016416943201,1.6289592760180995,0.4428985055984229,0.5937781457807243,6,6,17,26,0.22413900576593426,0.2912926601215521,4,6,2,0,5,3,1,0,0,0,0,0,0,0,0,2,1,0,5,0,1.9459101490553132,0.8638586765081668
28,27,3,9,カルダモン,チェリー,カルダモン||チェリー,0.016666666666666666,12.0,0.01668656359224382,0.02359218816091187,0.015190581089431873,0.0,0.0,1.0,0.0,0.816489458213885,0.061020822219177664,0.0,1.0,0.016529301951210565,12.0,0.4082447291069425,0.3163265289973068,2,2,4,5,0.02359218816091187,0.00978093902357577,0,2,0,0,2,0,1,1,0,0,0,3,0,0,0,0,2,0,0,0,1.0986122886681096,0.0
18,15,5,10,グアバ,パッションフルーツ,グアバ||パッションフルーツ,0.025,9.0,0.020753513732125237,0.038012403808336495,0.01152558222246353,0.3333333333333333,0.0,1.0,0.2032391116601348,0.6042021990782749,0.07676627763306058,0.3333333333333333,1.0,0.0246926125903715,9.0,0.4037206553692049,0.37737553879422125,3,3,8,5,0.038012403808336495,0.0034946236559139786,2,3,1,0,3,1,1,1,0,0,0,0,1,0,0,1,0,0,1,0,1.3862943611198906,0.2933049473885764
27,10,20,11,オレンジ,グレープフルーツ,オレンジ||グレープフルーツ,0.03333333333333333,5.454545454545454,0.05805922883412366,0.09141844208464128,0.04751880621521996,0.0,0.0,0.75,0.4048325444407431,0.3533172564634629,0.2211977197747787,0.0,0.75,0.03278982282299087,5.454545454545454,0.379074900452103,0.32901862140304444,4,4,11,8,0.09141844208464128,0.024700015583606048,4,4,0,0,3,1,0,1,0,0,0,1,1,0,0,0,0,0,0,0,1.6094379124341003,0.5208099393420963
56,16,9,12,カルダモンミルク,バナナ,カルダモンミルク||バナナ,0.025,8.181818181818182,0.022722010730425877,0.04482067721899419,0.005285708189128171,0.0,0.0,0.0,0.2032391116601348,0.5463056738594722,0.08438743861439706,0.0,0.0,0.0246926125903715,8.181818181818182,0.37477239275980345,0.2144256396857879,3,3,4,11,0.0006233442418575658,0.04482067721899419,0,3,0,0,0,0,0,0,0,0,0,0,0,0,0,0,0,0,0,0,1.3862943611198906,0.2933049473885764
7,8,41,13,ミルク,メロン,ミルク||メロン,0.041666666666666664,2.3076923076923075,0.17530388031790553,0.2912926601215521,0.131446009502669,0.6,0.0,0.6,0.6048067353801994,0.13063831331422157,0.6751178242656486,0.6,0.6,0.040821994520255124,2.3076923076923075,0.3677225243472105,0.49912516379574495,5,5,26,10,0.2912926601215521,0.059315100514259,4,5,3,0,3,2,0,0,0,1,0,0,1,0,0,1,1,0,5,0,1.791759469228055,0.7066950526114238
11,9,45,14,バナナ,ミルク,バナナ||ミルク,0.041666666666666664,2.097902097902098,0.16805666867027313,0.2912926601215521,0.11426256734193516,0.4,0.0,0.4,0.6048067353801994,0.1157930504376055,0.6470597847156244,0.4,0.4,0.040821994520255124,2.097902097902098,0.3602998929089024,0.4398022401665861,5,5,11,26,0.04482067721899419,0.2912926601215521,1,5,2,0,2,0,0,0,0,0,0,0,0,0,0,1,0,0,4,0,1.791759469228055,0.7066950526114238
33,11,22,15,カルダモンミルク,ミルク,カルダモンミルク||ミルク,0.03333333333333333,4.615384615384615,0.14595800218170482,0.2912926601215521,0.013474999160747377,0.0,0.0,0.0,0.4048325444407431,0.29393620495699857,0.5615033957916711,0.0,0.0,0.03278982282299087,4.615384615384615,0.34938437469887085,0.3072344937298068,4,4,4,26,0.0006233442418575658,0.2912926601215521,4,4,0,0,0,0,0,0,0,0,0,0,0,0,0,0,0,0,0,0,1.6094379124341003,0.5208099393420963
47,17,15,16,バナナ,モヒート,バナナ||モヒート,0.025,6.545454545454546,0.023023943097575633,0.04482067721899419,0.0074164909088186,0.3333333333333333,0.0,0.0,0.2032391116601348,0.43051262342186664,0.0855563889239534,0.3333333333333333,0.0,0.0246926125903715,6.545454545454546,0.3168758675410007,0.2357111671382978,3,3,11,5,0.04482067721899419,0.0012272089761570827,0,3,1,0,0,0,1,0,0,0,0,0,1,0,0,0,0,0,1,0,1.3862943611198906,0.2933049473885764
13,28,4,17,グレープ,グレープミント,グレープ||グレープミント,0.016666666666666666,9.23076923076923,0.029412943297936284,0.05868303687378021,0.0028953161328178225,1.0,0.0,1.0,0.0,0.6205319882425525,0.11029180842358881,1.0,1.0,0.016529301951210565,9.23076923076923,0.31026599412127626,0.42719135874535585,2,2,13,2,0.05868303687378021,0.00014284972209235885,2,2,2,0,2,0,0,0,0,0,0,0,0,0,0,0,0,0,4,0,1.0986122886681096,0.0
14,12,29,18,ハニー,メロン,ハニー||メロン,0.03333333333333333,3.2,0.10823398784478727,0.15715287517531554,0.09654811539915545,0.5,0.0,0.75,0.4048325444407431,0.1937801647494287,0.4154524816312297,0.5,0.75,0.03278982282299087,3.2,0.2993063545950859,0.40298530084582607,4,4,15,10,0.15715287517531554,0.059315100514259,2,4,2,0,3,2,0,0,0,0,0,0,0,0,0,1,0,0,5,0,1.6094379124341003,0.5208099393420963
55,29,6,19,ブルーベリー,ミントクリーム,ブルーベリー||ミントクリーム,0.016666666666666666,8.88888888888889,0.023502025868786042,0.0361812373383201,0.019788451592985347,0.0,0.0,0.5,0.0,0.5963397079991782,0.0874073166952141,0.0,0.5,0.016529301951210565,8.88888888888889,0.2981698539995891,0.2165663903388374,2,2,9,3,0.0361812373383201,0.010822814399251986,2,2,0,0,1,0,0,0,0,0,0,0,2,0,0,0,1,0,0,0,1.0986122886681096,0.0
37,30,7,20,アサイー,ベリー,アサイー||ベリー,0.016666666666666666,8.571428571428571,0.03598449431198379,0.0717741935483871,0.0037391522377387544,0.5,0.0,0.5,0.0,0.5738754477731877,0.13573398497674397,0.5,0.5,0.016529301951210565,8.571428571428571,0.28693772388659383,0.2956156589386457,2,2,2,14,0.00019479507558048932,0.0717741935483871,2,2,1,0,1,0,1,0,0,0,0,0,0,0,1,0,0,0,1,0,1.0986122886681096,0.0
38,31,8,21,カルダモン,シナモン,カルダモン||シナモン,0.016666666666666666,8.571428571428571,0.026946976780426995,0.03030176539994212,0.02673733253193451,0.5,0.0,0.5,0.0,0.5738754477731877,0.10074466264650711,0.5,0.5,0.016529301951210565,8.571428571428571,0.28693772388659383,0.28861779447259833,2,2,4,7,0.02359218816091187,0.03030176539994212,2,2,1,0,1,0,0,0,0,0,0,1,0,0,0,0,0,0,1,0,1.0986122886681096,0.0
9,13,38,22,ココナッツ,ミルク,ココナッツ||ミルク,0.03333333333333333,2.6373626373626373,0.1747272868941873,0.2912926601215521,0.13016197044363143,0.75,0.0,0.75,0.4048325444407431,0.153966583548904,0.672885506255141,0.75,0.75,0.03278982282299087,2.6373626373626373,0.2793995639948236,0.48201851047047717,4,4,7,26,0.058161913666822496,0.2912926601215521,3,4,3,0,3,2,0,0,0,2,0,0,1,0,0,1,0,0,6,0,1.6094379124341003,0.5208099393420963
21,32,10,23,ウォーターメロン/スイカ,メロン,ウォーターメロン/スイカ||メロン,0.016666666666666666,8.0,0.031001636278634875,0.059315100514259,0.012627319388168011,1.0,0.0,0.5,0.0,0.5334397793664049,0.11644253406161391,1.0,0.5,0.016529301951210565,8.0,0.2667198896832024,0.35664845165392395,2,2,3,10,0.002688172043010753,0.059315100514259,1,2,2,0,1,1,0,0,0,1,0,0,1,0,0,0,0,0,4,0,1.0986122886681096,0.0
57,33,11,24,オレンジ,タンジェリン,オレンジ||タンジェリン,0.016666666666666666,7.2727272727272725,0.04607835771054567,0.09141844208464128,0.008215339204859054,0.0,0.0,0.5,0.0,0.4819762013941357,0.17481301733009244,0.0,0.5,0.016529301951210565,7.2727272727272725,0.24098810069706786,0.20545665381455241,2,2,11,3,0.09141844208464128,0.0007382733364500546,1,2,0,0,1,0,0,0,0,0,0,0,0,0,1,0,0,0,0,0,1.0986122886681096,0.0
34,34,13,25,カプチーノ,バニラ,カプチーノ||バニラ,0.016666666666666666,7.0588235294117645,0.11206950288296713,0.22413900576593426,0.0,0.0,0.0,1.0,0.0,0.4668398549317036,0.43030192137004575,0.0,1.0,0.016529301951210565,7.0588235294117645,0.2334199274658518,0.30277034800693503,2,2,2,17,0.0,0.22413900576593426,0,2,0,0,2,0,0,1,0,0,0,0,0,0,0,1,0,0,0,0,1.0986122886681096,0.0
63,35,14,26,ゴールデンデリシャスアップル,シナモン,ゴールデンデリシャスアップル||シナモン,0.016666666666666666,6.857142857142857,0.016674736748369286,0.03030176539994212,0.009609939425232103,0.0,0.0,0.5,0.0,0.45256844255283907,0.060975033842996865,0.0,0.5,0.016529301951210565,6.857142857142857,0.22628422127641953,0.17533711740680913,2,2,5,7,0.003047708096796456,0.03030176539994212,0,2,0,0,1,0,0,0,0,0,0,0,0,0,0,0,0,0,0,0,1.0986122886681096,0.0
30,18,27,27,ココナッツ,ハニー,ココナッツ||ハニー,0.025,3.4285714285714284,0.10765739442106902,0.15715287517531554,0.0956049787324888,0.3333333333333333,0.0,0.6666666666666666,0.2032391116601348,0.20995443211214182,0.41322016362072206,0.3333333333333333,0.6666666666666666,0.0246926125903715,3.4285714285714284,0.20659677188613831,0.31277104091688696,3,3,7,15,0.058161913666822496,0.15715287517531554,3,3,1,0,2,1,0,0,0,1,0,0,0,0,0,1,0,0,1,0,1.3862943611198906,0.2933049473885764
64,36,16,28,グアバ,パイナップル,グアバ||パイナップル,0.016666666666666666,6.0,0.032401424415800295,0.038012403808336495,0.03191189769395348,0.0,0.0,0.5,0.0,0.3919149399426648,0.1218619026165633,0.0,0.5,0.016529301951210565,6.0,0.1959574699713324,0.17235111550897886,2,2,8,5,0.038012403808336495,0.026790445023264095,2,2,0,0,1,0,0,0,0,0,0,0,0,0,0,0,0,0,0,0,1.0986122886681096,0.0
12,37,17,29,グレープミント,ミント,グレープミント||ミント,0.016666666666666666,6.0,0.11364395727123641,0.22714506482038047,0.005696280311241906,1.0,0.0,1.0,0.0,0.3919149399426648,0.43639752139439447,1.0,1.0,0.016529301951210565,6.0,0.1959574699713324,0.4352582392645451,2,2,2,20,0.00014284972209235885,0.22714506482038047,2,2,2,0,2,0,0,0,0,0,0,0,0,0,0,0,0,0,4,0,1.0986122886681096,0.0
31,19,32,30,ブルーベリー,ベリー,ブルーベリー||ベリー,0.025,2.857142857142857,0.0539777154433536,0.0717741935483871,0.0509595833140413,0.6666666666666666,0.0,0.6666666666666666,0.2032391116601348,0.16951876370535895,0.20539588181140253,0.6666666666666666,0.6666666666666666,0.0246926125903715,2.857142857142857,0.18637893768274688,0.31109726745332733,3,3,9,14,0.0361812373383201,0.0717741935483871,2,3,2,0,2,0,0,0,0,0,1,0,3,1,0,0,2,0,3,0,1.3862943611198906,0.2933049473885764
54,38,18,31,キャラメル,ココナッツ,キャラメル||ココナッツ,0.016666666666666666,5.714285714285714,0.034880980208820314,0.058161913666822496,0.025974620645010184,0.0,0.0,1.0,0.0,0.37169710573927334,0.13146166013568797,0.0,1.0,0.016529301951210565,5.714285714285714,0.18584855286963667,0.21921660846195595,2,2,6,7,0.011600046750818138,0.058161913666822496,2,2,0,0,2,4,0,0,0,0,0,0,0,0,0,0,0,0,0,0,1.0986122886681096,0.0
41,39,19,32,キャラメル,シナモン,キャラメル||シナモン,0.016666666666666666,5.714285714285714,0.020950906075380128,0.03030176539994212,0.018748383804255024,0.5,0.0,1.0,0.0,0.37169710573927334,0.07753049460963075,0.5,1.0,0.016529301951210565,5.714285714285714,0.18584855286963667,0.28343037535674453,2,2,6,7,0.011600046750818138,0.03030176539994212,1,2,1,0,2,0,0,0,0,0,0,0,0,0,0,0,1,0,2,0,1.0986122886681096,0.0
43,20,33,33,ミルク,モヒート,ミルク||モヒート,0.025,2.769230769230769,0.14625993454885458,0.2912926601215521,0.018907061304968654,0.3333333333333333,0.0,0.0,0.2032391116601348,0.16329789164277697,0.5626723461012274,0.3333333333333333,0.0,0.0246926125903715,2.769230769230769,0.1832685016514559,0.26433067562898016,3,3,26,5,0.2912926601215521,0.0012272089761570827,0,3,1,0,0,0,1,0,0,0,0,0,1,0,0,0,0,0,1,0,1.3862943611198906,0.2933049473885764
51,21,39,34,ミント,ライム,ミント||ライム,0.025,2.5714285714285716,0.12076042431933039,0.22714506482038047,0.0571435766053111,0.0,0.0,0.3333333333333333,0.2032391116601348,0.14930092950196755,0.4639493749347966,0.0,0.3333333333333333,0.0246926125903715,2.5714285714285716,0.17627002058105118,0.22442017419382498,3,3,20,7,0.22714506482038047,0.014375783818280313,3,3,0,0,1,0,0,0,0,0,0,1,1,0,0,0,0,0,0,0,1.3862943611198906,0.2933049473885764
26,22,49,35,メロン,レモン,メロン||レモン,0.025,2.0,0.06545991117344553,0.07160472183263207,0.0651708621455795,0.6666666666666666,0.0,1.0,0.2032391116601348,0.10886526109518466,0.24984993084159574,0.6666666666666666,1.0,0.0246926125903715,2.0,0.15605218637765972,0.3381580349401557,3,3,10,18,0.059315100514259,0.07160472183263207,0,3,2,0,3,2,1,1,0,0,0,0,7,0,0,3,0,0,3,0,1.3862943611198906,0.2933049473885764
44,23,50,36,グレープ,ベリー,グレープ||ベリー,0.025,1.978021978021978,0.06522861521108365,0.0717741935483871,0.06489936553299915,0.3333333333333333,0.0,0.6666666666666666,0.2032391116601348,0.10731004307953916,0.24895445385330733,0.3333333333333333,0.6666666666666666,0.0246926125903715,1.978021978021978,0.155274577369837,0.25425680170525333,3,3,13,14,0.05868303687378021,0.0717741935483871,1,3,1,0,2,0,1,0,0,0,0,0,3,1,0,1,1,0,2,0,1.3862943611198906,0.2933049473885764
16,24,55,37,ミント,メロン,ミント||メロン,0.025,1.8,0.14323008266731974,0.22714506482038047,0.11607382285054087,0.6666666666666666,0.0,1.0,0.2032391116601348,0.09471277715281066,0.5509420823727502,0.6666666666666666,1.0,0.0246926125903715,1.8,0.14897594440647274,0.3948383442607931,3,3,20,10,0.22714506482038047,0.059315100514259,0,3,2,0,3,2,1,1,0,0,0,0,7,0,0,3,0,0,3,0,1.3862943611198906,0.2933049473885764
39,25,57,38,オレンジ,ミント,オレンジ||ミント,0.025,1.6363636363636365,0.1592817534525109,0.22714506482038047,0.14410151960716458,0.3333333333333333,0.0,0.3333333333333333,0.2032391116601348,0.08313347210905012,0.6130871438988608,0.3333333333333333,0.3333333333333333,0.0246926125903715,1.6363636363636365,0.14318629188459248,0.28770586363840844,3,3,11,20,0.09141844208464128,0.22714506482038047,3,3,1,0,1,0,0,0,0,0,0,1,1,0,0,0,0,0,2,0,1.3862943611198906,0.2933049473885764
61,40,23,39,バナナ,ピーチ,バナナ||ピーチ,0.016666666666666666,4.363636363636363,0.025940489176814564,0.04482067721899419,0.01778897069041295,0.0,0.0,1.0,0.0,0.2761218895050592,0.09684798205239305,0.0,1.0,0.016529301951210565,4.363636363636363,0.1380609447525296,0.18840006878674342,2,2,11,5,0.04482067721899419,0.0070603011346349375,1,2,0,0,2,0,0,0,0,0,0,0,0,0,0,0,0,0,0,0,1.0986122886681096,0.0
25,26,64,40,ハニー,バニラ,ハニー||バニラ,0.025,1.411764705882353,0.1906459404706249,0.22413900576593426,0.18768081733372005,0.3333333333333333,0.0,0.6666666666666666,0.2032391116601348,0.06724030832349641,0.7345155832209124,0.3333333333333333,0.6666666666666666,0.0246926125903715,1.411764705882353,0.13523970999181562,0.34135159388976366,3,3,15,17,0.15715287517531554,0.22413900576593426,2,3,1,0,2,2,0,0,0,0,0,0,0,0,0,1,0,0,1,0,1.3862943611198906,0.2933049473885764
70,41,24,41,アールグレイ,ライチ,アールグレイ||ライチ,0.016666666666666666,3.8095238095238093,0.05378384796337111,0.09969092514674563,0.028022179897836515,0.0,0.0,0.0,0.0,0.2369115443833304,0.20464531156655683,0.0,0.0,0.016529301951210565,3.8095238095238093,0.1184557721916652,0.10015694840914396,2,2,9,7,0.09969092514674563,0.007876770779996586,0,2,0,0,0,0,0,0,0,0,0,0,0,0,0,0,0,0,0,0,1.0986122886681096,0.0
72,42,25,42,グレープ,ピーチ,グレープ||ピーチ,0.016666666666666666,3.6923076923076925,0.03287166900420757,0.05868303687378021,0.02035484983545136,0.0,0.0,0.0,0.0,0.2286170482998878,0.12368248436596295,0.0,0.0,0.016529301951210565,3.6923076923076925,0.1143085241499439,0.08189075894816454,2,2,13,5,0.05868303687378021,0.0070603011346349375,0,2,0,0,0,0,0,0,0,0,0,0,0,0,0,0,1,1,0,0,1.0986122886681096,0.0
46,43,26,43,キャラメル,バナナ,キャラメル||バナナ,0.016666666666666666,3.6363636363636362,0.028210361984906163,0.04482067721899419,0.022801797103378978,0.5,0.0,1.0,0.0,0.22465831153279014,0.10563593859617149,0.5,1.0,0.016529301951210565,3.6363636363636362,0.11232915576639507,0.25229176560243183,2,2,6,11,0.011600046750818138,0.04482067721899419,0,2,1,0,2,5,0,0,0,0,0,0,0,0,0,0,0,0,4,0,1.0986122886681096,0.0
71,44,30,44,オレンジ,ライム,オレンジ||ライム,0.016666666666666666,3.116883116883117,0.052897112951460795,0.09141844208464128,0.03625205870585534,0.0,0.0,0.0,0.0,0.18789861298116936,0.20121226072655565,0.0,0.0,0.016529301951210565,3.116883116883117,0.09394930649058468,0.08721710539060348,2,2,11,7,0.09141844208464128,0.014375783818280313,1,2,0,0,0,0,0,0,0,0,0,1,1,0,0,0,1,0,0,0,1.0986122886681096,0.0
17,45,31,45,ストロベリー,ミント,ストロベリー||ミント,0.016666666666666666,3.0,0.11657237657412976,0.22714506482038047,0.03691611564260481,1.0,0.0,1.0,0.0,0.17962768080705468,0.4477350824612744,1.0,1.0,0.016529301951210565,3.0,0.08981384040352734,0.3844539366940185,2,2,4,20,0.005999688327879071,0.22714506482038047,0,2,2,0,2,1,0,0,0,0,1,0,1,0,0,0,0,0,3,0,1.0986122886681096,0.0
59,46,34,46,オレンジ,グアバ,オレンジ||グアバ,0.016666666666666666,2.727272727272727,0.06471542294648888,0.09141844208464128,0.058949425239355875,0.0,0.0,1.0,0.0,0.16032883906745374,0.24696759745158067,0.0,1.0,0.016529301951210565,2.727272727272727,0.08016441953372687,0.1894757292571796,2,2,11,8,0.09141844208464128,0.038012403808336495,0,2,0,0,2,2,0,2,0,0,0,0,1,0,0,0,0,0,0,0,1.0986122886681096,0.0
50,47,35,47,キャラメル,ハニー,キャラメル||ハニー,0.016666666666666666,2.6666666666666665,0.08437646096306683,0.15715287517531554,0.042696378055511304,0.5,0.0,0.5,0.0,0.15604020756976467,0.32308655313902657,0.5,0.5,0.016529301951210565,2.6666666666666665,0.07802010378488233,0.22862736252024646,2,2,6,15,0.011600046750818138,0.15715287517531554,2,2,1,0,1,1,0,0,0,1,0,0,0,0,0,0,0,0,2,0,1.0986122886681096,0.0
67,48,36,48,ペア,レモン,ペア||レモン,0.016666666666666666,2.6666666666666665,0.04468436704586774,0.07160472183263207,0.03566492894209333,0.0,0.0,0.5,0.0,0.15604020756976467,0.1694160940575845,0.0,0.5,0.016529301951210565,2.6666666666666665,0.07802010378488233,0.12289327070395807,2,2,5,18,0.017764012259103422,0.07160472183263207,2,2,0,0,1,0,1,0,0,0,0,0,2,0,0,1,0,0,0,0,1.0986122886681096,0.0
58,49,37,49,モヒート,レモン,モヒート||レモン,0.016666666666666666,2.6666666666666665,0.036415965404394575,0.07160472183263207,0.009374111017490519,0.5,0.0,0.5,0.0,0.15604020756976467,0.13740445267717452,0.5,0.5,0.016529301951210565,2.6666666666666665,0.07802010378488233,0.19149094242787607,2,2,5,18,0.0012272089761570827,0.07160472183263207,2,2,1,0,1,0,1,0,0,0,0,0,1,0,0,1,0,0,1,0,1.0986122886681096,0.0
52,50,40,50,キャラメル,バニラ,キャラメル||バニラ,0.016666666666666666,2.3529411764705883,0.1178695262583762,0.22413900576593426,0.05099042013522475,0.0,0.0,1.0,0.0,0.13384023275819762,0.4527570797358783,0.0,1.0,0.016529301951210565,2.3529411764705883,0.06692011637909881,0.22401147413672506,2,2,6,17,0.011600046750818138,0.22413900576593426,1,2,0,0,2,0,0,0,0,0,0,0,0,0,0,1,1,0,0,0,1.0986122886681096,0.0
15,51,42,51,ストロベリー,ミルク,ストロベリー||ミルク,0.016666666666666666,2.3076923076923075,0.14864617422471557,0.2912926601215521,0.041805085491218905,1.0,0.0,1.0,0.0,0.13063831331422157,0.5719108243541728,1.0,1.0,0.016529301951210565,2.3076923076923075,0.06531915665711079,0.39704174319939,2,2,4,26,0.005999688327879071,0.2912926601215521,0,2,2,0,2,2,1,0,0,0,1,0,0,0,0,0,0,1,6,0,1.0986122886681096,0.0
45,52,43,52,オレンジ,マンゴー,オレンジ||マンゴー,0.016666666666666666,2.1818181818181817,0.06148623077094327,0.09141844208464128,0.05370865200589026,0.5,0.0,1.0,0.0,0.12173115558825191,0.23446557513163266,0.5,1.0,0.016529301951210565,2.1818181818181817,0.06086557779412596,0.2523259039233895,2,2,11,10,0.09141844208464128,0.031554019457245265,0,2,1,0,2,1,0,0,0,0,0,0,0,0,0,1,1,0,2,0,1.0986122886681096,0.0
48,53,44,53,バナナ,マンゴー,バナナ||マンゴー,0.016666666666666666,2.1818181818181817,0.03818734833811972,0.04482067721899419,0.03760681482198475,0.5,0.0,1.0,0.0,0.12173115558825191,0.144262474055498,0.5,1.0,0.016529301951210565,2.1818181818181817,0.06086557779412596,0.23428528370816257,2,2,11,10,0.04482067721899419,0.031554019457245265,0,2,1,0,2,0,0,0,0,0,0,0,0,0,0,0,0,0,3,0,1.0986122886681096,0.0
60,54,46,54,グレープ,ブルーベリー,グレープ||ブルーベリー,0.016666666666666666,2.051282051282051,0.047432137106050154,0.05868303687378021,0.04607846443691056,0.5,0.0,0.5,0.0,0.1124941031316908,0.18005426012358552,0.5,0.5,0.016529301951210565,2.051282051282051,0.0562470515658454,0.1891343778076398,2,2,13,9,0.05868303687378021,0.0361812373383201,0,2,1,0,1,1,0,0,0,0,0,0,0,0,0,0,0,3,1,0,1.0986122886681096,0.0
32,55,47,55,ココナッツ,バニラ,ココナッツ||バニラ,0.016666666666666666,2.0168067226890756,0.14115045971637838,0.22413900576593426,0.11417685186904436,0.5,0.0,1.0,0.0,0.11005454546009003,0.5428906902175739,0.5,1.0,0.016529301951210565,2.0168067226890756,0.05502727273004501,0.3110917744085373,2,2,7,17,0.058161913666822496,0.22413900576593426,1,2,1,0,2,2,0,0,0,0,0,0,0,0,0,1,0,0,2,0,1.0986122886681096,0.0
49,56,51,56,ライチ,レモン,ライチ||レモン,0.016666666666666666,1.9047619047619047,0.03974074630631433,0.07160472183263207,0.02374897851784493,0.5,0.0,1.0,0.0,0.1021259830273875,0.15027655281401892,0.5,1.0,0.016529301951210565,1.9047619047619047,0.05106299151369375,0.23058680631965064,2,2,7,18,0.007876770779996586,0.07160472183263207,1,2,1,0,2,0,0,0,0,0,0,0,0,0,0,2,0,0,1,0,1.0986122886681096,0.0
74,57,52,57,ライム,レモン,ライム||レモン,0.016666666666666666,1.9047619047619047,0.04299025282545619,0.07160472183263207,0.03208385889250256,0.0,0.0,0.0,0.0,0.1021259830273875,0.16285722340364212,0.0,0.0,0.016529301951210565,1.9047619047619047,0.05106299151369375,0.0581029404375753,2,2,7,18,0.014375783818280313,0.07160472183263207,2,2,0,0,0,0,0,0,0,0,0,0,0,0,0,0,0,0,0,0,1.0986122886681096,0.0
42,58,54,58,ペア,ミルク,ペア||ミルク,0.016666666666666666,1.8461538461538463,0.15452833619032774,0.2912926601215521,0.0719341809252465,0.5,0.0,0.5,0.0,0.0979787349856662,0.5946839874816374,0.5,0.5,0.016529301951210565,1.8461538461538463,0.0489893674928331,0.268431481242744,2,2,5,26,0.017764012259103422,0.2912926601215521,0,2,1,0,1,0,0,0,0,0,0,0,0,0,0,0,0,2,2,0,1.0986122886681096,0.0
40,59,56,59,ミント,ライチ,ミント||ライチ,0.016666666666666666,1.7142857142857142,0.11751091780018852,0.22714506482038047,0.04229857691929604,0.5,0.0,1.0,0.0,0.08864742689179322,0.4513687043451734,0.5,1.0,0.016529301951210565,1.7142857142857142,0.04432371344589661,0.287435597591983,2,2,20,7,0.22714506482038047,0.007876770779996586,1,2,1,0,2,0,0,0,0,0,0,0,0,0,0,0,1,0,2,0,1.0986122886681096,0.0
24,60,59,60,ハニー,マンゴー,ハニー||マンゴー,0.016666666666666666,1.6,0.0943534473162804,0.15715287517531554,0.07041878216103956,1.0,0.0,1.0,0.0,0.08056029321043665,0.3617130885983531,1.0,1.0,0.016529301951210565,1.6,0.04028014660521832,0.3424826910222798,2,2,15,10,0.15715287517531554,0.031554019457245265,0,2,2,0,2,1,0,0,0,1,1,0,0,0,0,0,2,1,6,0,1.0986122886681096,0.0
53,61,60,61,バニラ,ブルーベリー,バニラ||ブルーベリー,0.016666666666666666,1.5686274509803921,0.1301601215521272,0.22413900576593426,0.09005346503268136,0.0,0.0,1.0,0.0,0.07834029572927995,0.5003408989497226,0.0,1.0,0.016529301951210565,1.5686274509803921,0.03917014786463997,0.21965325372226452,2,2,17,9,0.22413900576593426,0.0361812373383201,1,2,0,0,2,0,0,0,0,0,0,0,0,0,0,0,0,0,0,0,1.0986122886681096,0.0
62,62,61,62,キャラメル,ミルク,キャラメル||ミルク,0.016666666666666666,1.5384615384615385,0.15144635343618512,0.2912926601215521,0.05812923942027955,0.0,0.0,0.5,0.0,0.07620568276662927,0.5827518957734455,0.0,0.5,0.016529301951210565,1.5384615384615385,0.038102841383314635,0.18560179984634645,2,2,6,26,0.011600046750818138,0.2912926601215521,2,2,0,0,1,0,0,0,0,0,0,0,0,0,0,1,0,0,0,0,1.0986122886681096,0.0
69,63,62,63,グレープフルーツ,ミント,グレープフルーツ||ミント,0.016666666666666666,1.5,0.12592254020199325,0.22714506482038047,0.07490318178023284,0.0,0.0,0.0,0.0,0.07348405123924964,0.4839348339830197,0.0,0.0,0.016529301951210565,1.5,0.03674202561962482,0.11515797960641636,2,2,8,20,0.024700015583606048,0.22714506482038047,2,2,0,0,0,0,0,0,0,0,0,1,1,0,0,0,0,0,0,0,1.0986122886681096,0.0
23,64,63,64,ハニー,バナナ,ハニー||バナナ,0.016666666666666666,1.4545454545454546,0.10098677619715486,0.15715287517531554,0.08392674360577623,1.0,0.0,1.0,0.0,0.07026757761598283,0.38739444208120555,1.0,1.0,0.016529301951210565,1.4545454545454546,0.035133788807991416,0.3450457828202368,2,2,15,11,0.15715287517531554,0.04482067721899419,1,2,2,0,2,1,0,0,0,0,0,0,0,0,0,0,0,0,5,0,1.0986122886681096,0.0
35,65,65,65,バニラ,メロン,バニラ||メロン,0.016666666666666666,1.411764705882353,0.14172705314009662,0.22413900576593426,0.11530319881153545,0.5,0.0,1.0,0.0,0.06724030832349641,0.5451230082280815,0.5,1.0,0.016529301951210565,1.411764705882353,0.033620154161748204,0.3008346787264904,2,2,17,10,0.22413900576593426,0.059315100514259,0,2,1,0,2,2,0,0,0,0,0,0,0,0,0,1,0,0,3,0,1.0986122886681096,0.0
68,66,66,66,ブルーベリー,ミント,ブルーベリー||ミント,0.016666666666666666,1.3333333333333333,0.13166315107935028,0.22714506482038047,0.0906553335468702,0.0,0.0,0.0,0.0,0.06169031462060463,0.5061599730943912,0.0,0.0,0.016529301951210565,1.3333333333333333,0.030845157310302317,0.11665457327402941,2,2,9,20,0.0361812373383201,0.22714506482038047,2,2,0,0,0,0,0,0,0,0,0,0,1,0,1,0,0,0,0,0,1.0986122886681096,0.0
29,67,67,67,シナモン,ミルク,シナモン||ミルク,0.016666666666666666,1.3186813186813187,0.1607972127607471,0.2912926601215521,0.09395042229670043,0.5,0.0,1.0,0.0,0.060653502610174305,0.6189543407290837,0.5,1.0,0.016529301951210565,1.3186813186813187,0.030326751305087152,0.31395424379836034,2,2,7,26,0.03030176539994212,0.2912926601215521,0,2,1,0,2,1,0,0,0,0,0,0,0,0,0,0,2,0,3,0,1.0986122886681096,0.0
19,68,68,68,バナナ,バニラ,バナナ||バニラ,0.016666666666666666,1.2834224598930482,0.13447984149246422,0.22413900576593426,0.10023004554334601,1.0,0.0,1.0,0.0,0.058158500446037154,0.5170649686780573,1.0,1.0,0.016529301951210565,1.2834224598930482,0.029079250223018577,0.3679526188471207,2,2,11,17,0.04482067721899419,0.22413900576593426,1,2,2,0,2,1,0,1,0,0,0,0,0,0,0,0,0,0,2,0,1.0986122886681096,0.0
73,69,69,69,オレンジ,レモン,オレンジ||レモン,0.016666666666666666,1.2121212121212122,0.08151158195863667,0.09141844208464128,0.08090730570129823,0.0,0.0,0.0,0.0,0.053113051625226455,0.3119949923677062,0.0,0.0,0.016529301951210565,1.2121212121212122,0.026556525812613228,0.07567726137984786,2,2,11,18,0.09141844208464128,0.07160472183263207,1,2,0,0,0,0,1,0,0,0,0,0,1,0,0,0,1,0,0,0,1.0986122886681096,0.0
66,70,70,70,ベリー,レモン,ベリー||レモン,0.016666666666666666,0.9523809523809523,0.07168945769050958,0.0717741935483871,0.07168940761223902,0.5,0.0,0.0,0.0,0.034733202349416056,0.2739680152929585,0.5,0.0,0.016529301951210565,0.9523809523809523,0.017366601174708028,0.13847690364594573,2,2,14,18,0.0717741935483871,0.07160472183263207,1,2,1,0,0,0,0,0,0,0,0,0,0,0,0,0,0,1,1,0,1.0986122886681096,0.0
36,71,71,71,ベリー,ミント,ベリー||ミント,0.016666666666666666,0.8571428571428571,0.14945962918438377,0.22714506482038047,0.12768380416473704,0.5,0.0,1.0,0.0,0.02799392428161891,0.575060166824113,0.5,1.0,0.016529301951210565,0.8571428571428571,0.013996962140809454,0.2970105144352273,2,2,14,20,0.0717741935483871,0.22714506482038047,1,2,1,0,2,0,1,0,0,1,0,0,5,0,1,1,1,0,1,0,1.0986122886681096,0.0
22,72,72,72,バニラ,ミント,バニラ||ミント,0.016666666666666666,0.7058823529411765,0.22564203529315735,0.22714506482038047,0.22563702930476365,0.5,0.0,1.0,0.0,0.017290364997470508,0.8700051839624329,0.5,1.0,0.016529301951210565,0.7058823529411765,0.008645182498735254,0.35332362804185424,2,2,17,20,0.22413900576593426,0.22714506482038047,0,2,1,0,2,0,0,0,0,0,0,0,1,0,0,0,0,0,2,0,1.0986122886681096,0.0
65,73,73,73,ベリー,ミルク,ベリー||ミルク,0.016666666666666666,0.6593406593406593,0.1815334268349696,0.2912926601215521,0.14459355368338112,0.0,0.0,0.0,0.0,0.013996962140809454,0.6992359087170115,0.0,0.0,0.016529301951210565,0.6593406593406593,0.006998481070404727,0.14334642227860467,2,2,14,26,0.0717741935483871,0.2912926601215521,0,2,0,0,0,1,0,0,0,0,0,0,0,0,0,0,0,0,0,0,1.0986122886681096,0.0
10,74,74,74,ミルク,ミント,ミルク||ミント,0.016666666666666666,0.46153846153846156,0.25921886247096626,0.2912926601215521,0.25722692348393666,1.0,0.0,1.0,0.0,0.0,1.0,1.0,1.0,0.016529301951210565,0.46153846153846156,0.0,0.44999999999999996,2,2,26,20,0.2912926601215521,0.22714506482038047,0,2,2,0,2,1,0,0,0,0,0,0,0,0,0,0,1,1,4,0,1.0986122886681096,0.0
