setting,pair_key,baseline_rank,setting_rank,baseline_tier,setting_tier,rank_shift,tier_changed
baseline,グレープフルーツ||レモン,1,1,Tier1,Tier1,0,False
baseline,グレープ||ミント,2,2,Tier1,Tier1,0,False
baseline,ミント||レモン,3,3,Tier1,Tier1,0,False
baseline,ライム||レモン,4,4,Tier1,Tier1,0,False
baseline,コニャック||バニラ,5,5,Tier1,Tier1,0,False
baseline,アイス||ミント,6,6,Tier1,Tier1,0,False
baseline,ベリー||レモン,7,7,Tier1,Tier1,0,False
baseline,バニラ||ミルク,8,8,Tier1,Tier1,0,False
baseline,ミント||ライム,9,9,Tier1,Tier1,0,False
baseline,オレンジ||グレープフルーツ,10,10,Tier1,Tier1,0,False
baseline,オレンジ||レモン,11,11,Tier1,Tier1,0,False
baseline,ミルク||メロン,12,12,Tier1,Tier1,0,False
baseline,ミント||ライチ,13,13,Tier2,Tier2,0,False
baseline,グレープ||ベリー,14,14,Tier1,Tier1,0,False
baseline,グアバ||レモン,15,15,Tier1,Tier1,0,False
baseline,グアバ||ミント,16,16,Tier2,Tier2,0,False
baseline,グアバ||グレープフルーツ,17,17,Tier1,Tier1,0,False
baseline,ライチ||レモン,18,18,Tier1,Tier1,0,False
baseline,ベリー||ミント,19,19,Tier2,Tier2,0,False
baseline,キャラメル||ココナッツ,20,20,Tier1,Tier1,0,False
baseline,ダブルアップル||リコリス,21,21,Tier2,Tier2,0,False
baseline,バニラ||ミント,22,22,Tier2,Tier2,0,False
baseline,オレンジ||グアバ,23,23,Tier2,Tier2,0,False
baseline,ダブルアップル||ミント,24,24,Tier2,Tier2,0,False
baseline,ガムシナモン||バブルガム,25,25,Tier2,Tier2,0,False
baseline,ジャスミン||ミント,26,26,Tier2,Tier2,0,False
baseline,グレープフルーツ||ライム,27,27,Tier2,Tier2,0,False
baseline,バナナ||ミルク,28,28,Tier2,Tier2,0,False
baseline,ツーアップル||リコリス,29,29,Tier2,Tier2,0,False
baseline,カルダモン||レモン,30,30,Tier2,Tier2,0,False
baseline,キャラメル||バニラ,31,31,Tier2,Tier2,0,False
baseline,グアバ||ダブルアップル,32,32,Tier2,Tier2,0,False
baseline,ダブルアップル||ツーアップル,33,33,Tier2,Tier2,0,False
baseline,グアバ||リコリス,34,34,Tier2,Tier2,0,False
baseline,グアバ||ブルーベリー,35,35,Tier2,Tier2,0,False
baseline,グアバ||ベリー,36,36,Tier2,Tier2,0,False
baseline,グアバ||パイナップル,37,37,Tier2,Tier2,0,False
baseline,ジャスミン||ダブルアップル,38,38,Tier2,Tier2,0,False
baseline,グアバ||パッションフルーツ,39,39,Tier2,Tier2,0,False
baseline,ゴールデンデリシャスアップル||ダブルアップル,40,40,Tier2,Tier2,0,False
baseline,カルダモン||チェリー,41,41,Tier2,Tier2,0,False
baseline,キウイ||ピーチ,42,42,Tier2,Tier2,0,False
baseline,ハニー||ミルク,43,43,Tier2,Tier2,0,False
baseline,ココナッツ||ハニー,44,44,Tier2,Tier2,0,False
baseline,グレープフルーツ||ライチ,45,45,Tier2,Tier2,0,False
baseline,シガー||チョコレート,46,46,Tier2,Tier2,0,False
baseline,オレンジ||ベリー,47,47,Tier2,Tier2,0,False
baseline,ピーチ||マンゴー,48,48,Tier2,Tier2,0,False
baseline,アイス||ライチ,49,49,Tier2,Tier2,0,False
baseline,アイス||オレンジ,50,50,Tier2,Tier2,0,False
baseline,オレンジ||ライチ,51,51,Tier2,Tier2,0,False
baseline,グレープ||ライム,52,52,Tier2,Tier2,0,False
drop_normalized_support,グレープフルーツ||レモン,1,1,Tier1,Tier1,0,False
drop_normalized_support,ライム||レモン,4,2,Tier1,Tier1,-2,False
drop_normalized_support,アイス||ミント,6,3,Tier1,Tier1,-3,False
drop_normalized_support,ベリー||レモン,7,4,Tier1,Tier1,-3,False
drop_normalized_support,バニラ||ミルク,8,5,Tier1,Tier1,-3,False
drop_normalized_support,ミント||レモン,3,6,Tier1,Tier1,3,False
drop_normalized_support,ミルク||メロン,12,7,Tier1,Tier1,-5,False
drop_normalized_support,グレープ||ベリー,14,8,Tier1,Tier1,-6,False
drop_normalized_support,バニラ||ミント,22,9,Tier2,Tier2,-13,False
drop_normalized_support,グアバ||レモン,15,10,Tier1,Tier1,-5,False
drop_normalized_support,ミント||ライム,9,11,Tier1,Tier1,2,False
drop_normalized_support,グレープ||ミント,2,12,Tier1,Tier1,10,False
drop_normalized_support,グアバ||ミント,16,13,Tier2,Tier2,-3,False
drop_normalized_support,コニャック||バニラ,5,14,Tier1,Tier1,9,False
drop_normalized_support,オレンジ||レモン,11,15,Tier1,Tier1,4,False
drop_normalized_support,ライチ||レモン,18,16,Tier1,Tier1,-2,False
drop_normalized_support,ダブルアップル||ミント,24,17,Tier2,Tier2,-7,False
drop_normalized_support,ベリー||ミント,19,18,Tier2,Tier2,-1,False
drop_normalized_support,ガムシナモン||バブルガム,25,19,Tier2,Tier2,-6,False
drop_normalized_support,ミント||ライチ,13,20,Tier2,Tier2,7,False
drop_normalized_support,ジャスミン||ミント,26,21,Tier2,Tier2,-5,False
drop_normalized_support,ツーアップル||リコリス,29,22,Tier2,Tier2,-7,False
drop_normalized_support,キャラメル||ココナッツ,20,23,Tier1,Tier1,3,False
drop_normalized_support,ダブルアップル||リコリス,21,24,Tier2,Tier2,3,False
drop_normalized_support,オレンジ||グレープフルーツ,10,25,Tier1,Tier1,15,False
drop_normalized_support,カルダモン||レモン,30,26,Tier2,Tier2,-4,False
drop_normalized_support,キャラメル||バニラ,31,27,Tier2,Tier2,-4,False
drop_normalized_support,グアバ||ダブルアップル,32,28,Tier2,Tier2,-4,False
drop_normalized_support,ダブルアップル||ツーアップル,33,29,Tier2,Tier2,-4,False
drop_normalized_support,オレンジ||グアバ,23,30,Tier2,Tier2,7,False
drop_normalized_support,グアバ||リコリス,34,31,Tier2,Tier2,-3,False
drop_normalized_support,グアバ||ブルーベリー,35,32,Tier2,Tier2,-3,False
drop_normalized_support,グアバ||ベリー,36,33,Tier2,Tier2,-3,False
drop_normalized_support,グアバ||パイナップル,37,34,Tier2,Tier2,-3,False
drop_normalized_support,グアバ||グレープフルーツ,17,35,Tier1,Tier1,18,False
drop_normalized_support,ジャスミン||ダブルアップル,38,36,Tier2,Tier2,-2,False
drop_normalized_support,グアバ||パッションフルーツ,39,37,Tier2,Tier2,-2,False
drop_normalized_support,ゴールデンデリシャスアップル||ダブルアップル,40,38,Tier2,Tier2,-2,False
drop_normalized_support,カルダモン||チェリー,41,39,Tier2,Tier2,-2,False
drop_normalized_support,グレープフルーツ||ライム,27,40,Tier2,Tier2,13,False
drop_normalized_support,バナナ||ミルク,28,41,Tier2,Tier2,13,False
drop_normalized_support,キウイ||ピーチ,42,42,Tier2,Tier2,0,False
drop_normalized_support,ハニー||ミルク,43,43,Tier2,Tier2,0,False
drop_normalized_support,ココナッツ||ハニー,44,44,Tier2,Tier2,0,False
drop_normalized_support,グレープフルーツ||ライチ,45,45,Tier2,Tier2,0,False
drop_normalized_support,シガー||チョコレート,46,46,Tier2,Tier2,0,False
drop_normalized_support,オレンジ||ベリー,47,47,Tier2,Tier2,0,False
drop_normalized_support,ピーチ||マンゴー,48,48,Tier2,Tier2,0,False
drop_normalized_support,アイス||ライチ,49,49,Tier2,Tier2,0,False
drop_normalized_support,アイス||オレンジ,50,50,Tier2,Tier2,0,False
drop_normalized_support,オレンジ||ライチ,51,51,Tier2,Tier2,0,False
drop_normalized_support,グレープ||ライム,52,52,Tier2,Tier2,0,False
half_normalized_support,グレープフルーツ||レモン,1,1,Tier1,Tier1,0,False
half_normalized_support,ライム||レモン,4,2,Tier1,Tier1,-2,False
half_normalized_support,ミント||レモン,3,3,Tier1,Tier1,0,False
half_normalized_support,グレープ||ミント,2,4,Tier1,Tier1,2,False
half_normalized_support,アイス||ミント,6,5,Tier1,Tier1,-1,False
half_normalized_support,ベリー||レモン,7,6,Tier1,Tier1,-1,False
half_normalized_support,バニラ||ミルク,8,7,Tier1,Tier1,-1,False
half_normalized_support,コニャック||バニラ,5,8,Tier1,Tier1,3,False
half_normalized_support,ミルク||メロン,12,9,Tier1,Tier1,-3,False
half_normalized_support,ミント||ライム,9,10,Tier1,Tier1,1,False
half_normalized_support,グレープ||ベリー,14,11,Tier1,Tier1,-3,False
half_normalized_support,オレンジ||レモン,11,12,Tier1,Tier1,1,False
half_normalized_support,グアバ||レモン,15,13,Tier1,Tier1,-2,False
half_normalized_support,オレンジ||グレープフルーツ,10,14,Tier1,Tier1,4,False
half_normalized_support,ミント||ライチ,13,15,Tier2,Tier2,2,False
half_normalized_support,グアバ||ミント,16,16,Tier2,Tier2,0,False
half_normalized_support,バニラ||ミント,22,17,Tier2,Tier2,-5,False
half_normalized_support,ライチ||レモン,18,18,Tier1,Tier1,0,False
half_normalized_support,ベリー||ミント,19,19,Tier2,Tier2,0,False
half_normalized_support,キャラメル||ココナッツ,20,20,Tier1,Tier1,0,False
half_normalized_support,ダブルアップル||リコリス,21,21,Tier2,Tier2,0,False
half_normalized_support,グアバ||グレープフルーツ,17,22,Tier1,Tier1,5,False
half_normalized_support,ダブルアップル||ミント,24,23,Tier2,Tier2,-1,False
half_normalized_support,ガムシナモン||バブルガム,25,24,Tier2,Tier2,-1,False
half_normalized_support,ジャスミン||ミント,26,25,Tier2,Tier2,-1,False
half_normalized_support,ツーアップル||リコリス,29,26,Tier2,Tier2,-3,False
half_normalized_support,オレンジ||グアバ,23,27,Tier2,Tier2,4,False
half_normalized_support,カルダモン||レモン,30,28,Tier2,Tier2,-2,False
half_normalized_support,グレープフルーツ||ライム,27,29,Tier2,Tier2,2,False
half_normalized_support,バナナ||ミルク,28,30,Tier2,Tier2,2,False
half_normalized_support,キャラメル||バニラ,31,31,Tier2,Tier2,0,False
half_normalized_support,グアバ||ダブルアップル,32,32,Tier2,Tier2,0,False
half_normalized_support,ダブルアップル||ツーアップル,33,33,Tier2,Tier2,0,False
half_normalized_support,グアバ||リコリス,34,34,Tier2,Tier2,0,False
half_normalized_support,グアバ||ブルーベリー,35,35,Tier2,Tier2,0,False
half_normalized_support,グアバ||ベリー,36,36,Tier2,Tier2,0,False
half_normalized_support,グアバ||パイナップル,37,37,Tier2,Tier2,0,False
half_normalized_support,ジャスミン||ダブルアップル,38,38,Tier2,Tier2,0,False
half_normalized_support,グアバ||パッションフルーツ,39,39,Tier2,Tier2,0,False
half_normalized_support,ゴールデンデリシャスアップル||ダブルアップル,40,40,Tier2,Tier2,0,False
half_normalized_support,カルダモン||チェリー,41,41,Tier2,Tier2,0,False
half_normalized_support,キウイ||ピーチ,42,42,Tier2,Tier2,0,False
half_normalized_support,ハニー||ミルク,43,43,Tier2,Tier2,0,False
half_normalized_support,ココナッツ||ハニー,44,44,Tier2,Tier2,0,False
half_normalized_support,グレープフルーツ||ライチ,45,45,Tier2,Tier2,0,False
half_normalized_support,シガー||チョコレート,46,46,Tier2,Tier2,0,False
half_normalized_support,オレンジ||ベリー,47,47,Tier2,Tier2,0,False
half_normalized_support,ピーチ||マンゴー,48,48,Tier2,Tier2,0,False
half_normalized_support,アイス||ライチ,49,49,Tier2,Tier2,0,False
half_normalized_support,アイス||オレンジ,50,50,Tier2,Tier2,0,False
half_normalized_support,オレンジ||ライチ,51,51,Tier2,Tier2,0,False
half_normalized_support,グレープ||ライム,52,52,Tier2,Tier2,0,False
double_normalized_support,グレープフルーツ||レモン,1,1,Tier1,Tier1,0,False
double_normalized_support,グレープ||ミント,2,2,Tier1,Tier1,0,False
double_normalized_support,ミント||レモン,3,3,Tier1,Tier1,0,False
double_normalized_support,ライム||レモン,4,4,Tier1,Tier1,0,False
double_normalized_support,コニャック||バニラ,5,5,Tier1,Tier1,0,False
double_normalized_support,オレンジ||グレープフルーツ,10,6,Tier1,Tier1,-4,False
double_normalized_support,ミント||ライム,9,7,Tier1,Tier1,-2,False
double_normalized_support,オレンジ||レモン,11,8,Tier1,Tier1,-3,False
double_normalized_support,ミント||ライチ,13,9,Tier2,Tier2,-4,False
double_normalized_support,アイス||ミント,6,10,Tier1,Tier1,4,False
double_normalized_support,ベリー||レモン,7,11,Tier1,Tier1,4,False
double_normalized_support,バニラ||ミルク,8,12,Tier1,Tier1,4,False
double_normalized_support,グアバ||グレープフルーツ,17,13,Tier1,Tier1,-4,False
double_normalized_support,ミルク||メロン,12,14,Tier1,Tier1,2,False
double_normalized_support,グレープ||ベリー,14,15,Tier1,Tier1,1,False
double_normalized_support,グアバ||レモン,15,16,Tier1,Tier1,1,False
double_normalized_support,グアバ||ミント,16,17,Tier2,Tier2,1,False
double_normalized_support,ライチ||レモン,18,18,Tier1,Tier1,0,False
double_normalized_support,ベリー||ミント,19,19,Tier2,Tier2,0,False
double_normalized_support,キャラメル||ココナッツ,20,20,Tier1,Tier1,0,False
double_normalized_support,ダブルアップル||リコリス,21,21,Tier2,Tier2,0,False
double_normalized_support,オレンジ||グアバ,23,22,Tier2,Tier2,-1,False
double_normalized_support,グレープフルーツ||ライム,27,23,Tier2,Tier2,-4,False
double_normalized_support,バナナ||ミルク,28,24,Tier2,Tier2,-4,False
double_normalized_support,バニラ||ミント,22,25,Tier2,Tier2,3,False
double_normalized_support,ダブルアップル||ミント,24,26,Tier2,Tier2,2,False
double_normalized_support,ガムシナモン||バブルガム,25,27,Tier2,Tier2,2,False
double_normalized_support,ジャスミン||ミント,26,28,Tier2,Tier2,2,False
double_normalized_support,ツーアップル||リコリス,29,29,Tier2,Tier2,0,False
double_normalized_support,カルダモン||レモン,30,30,Tier2,Tier2,0,False
double_normalized_support,キャラメル||バニラ,31,31,Tier2,Tier2,0,False
double_normalized_support,グアバ||ダブルアップル,32,32,Tier2,Tier2,0,False
double_normalized_support,ダブルアップル||ツーアップル,33,33,Tier2,Tier2,0,False
double_normalized_support,グアバ||リコリス,34,34,Tier2,Tier2,0,False
double_normalized_support,グアバ||ブルーベリー,35,35,Tier2,Tier2,0,False
double_normalized_support,グアバ||ベリー,36,36,Tier2,Tier2,0,False
double_normalized_support,グアバ||パイナップル,37,37,Tier2,Tier2,0,False
double_normalized_support,ジャスミン||ダブルアップル,38,38,Tier2,Tier2,0,False
double_normalized_support,グアバ||パッションフルーツ,39,39,Tier2,Tier2,0,False
double_normalized_support,ゴールデンデリシャスアップル||ダブルアップル,40,40,Tier2,Tier2,0,False
double_normalized_support,カルダモン||チェリー,41,41,Tier2,Tier2,0,False
double_normalized_support,キウイ||ピーチ,42,42,Tier2,Tier2,0,False
double_normalized_support,ハニー||ミルク,43,43,Tier2,Tier2,0,False
double_normalized_support,ココナッツ||ハニー,44,44,Tier2,Tier2,0,False
double_normalized_support,グレープフルーツ||ライチ,45,45,Tier2,Tier2,0,False
double_normalized_support,シガー||チョコレート,46,46,Tier2,Tier2,0,False
double_normalized_support,オレンジ||ベリー,47,47,Tier2,Tier2,0,False
double_normalized_support,ピーチ||マンゴー,48,48,Tier2,Tier2,0,False
double_normalized_support,アイス||ライチ,49,49,Tier2,Tier2,0,False
double_normalized_support,アイス||オレンジ,50,50,Tier2,Tier2,0,False
double_normalized_support,オレンジ||ライチ,51,51,Tier2,Tier2,0,False
double_normalized_support,グレープ||ライム,52,52,Tier2,Tier2,0,False
drop_adjusted_lift,グレープフルーツ||レモン,1,1,Tier1,Tier1,0,False
drop_adjusted_lift,ミント||レモン,3,2,Tier1,Tier1,-1,False
drop_adjusted_lift,グレープ||ミント,2,3,Tier1,Tier1,1,False
drop_adjusted_lift,ライム||レモン,4,4,Tier1,Tier1,0,False
drop_adjusted_lift,アイス||ミント,6,5,Tier1,Tier1,-1,False
drop_adjusted_lift,コニャック||バニラ,5,6,Tier1,Tier1,1,False
drop_adjusted_lift,ベリー||レモン,7,7,Tier1,Tier1,0,False
drop_adjusted_lift,バニラ||ミルク,8,8,Tier1,Tier1,0,False
drop_adjusted_lift,ミント||ライム,9,9,Tier1,Tier1,0,False
drop_adjusted_lift,オレンジ||グレープフルーツ,10,10,Tier1,Tier1,0,False
drop_adjusted_lift,オレンジ||レモン,11,11,Tier1,Tier1,0,False
drop_adjusted_lift,ミント||ライチ,13,12,Tier2,Tier2,-1,False
drop_adjusted_lift,ミルク||メロン,12,13,Tier1,Tier1,1,False
drop_adjusted_lift,グアバ||レモン,15,14,Tier1,Tier1,-1,False
drop_adjusted_lift,グレープ||ベリー,14,15,Tier1,Tier1,1,False
drop_adjusted_lift,グアバ||ミント,16,16,Tier2,Tier2,0,False
drop_adjusted_lift,ライチ||レモン,18,17,Tier1,Tier1,-1,False
drop_adjusted_lift,グアバ||グレープフルーツ,17,18,Tier1,Tier1,1,False
drop_adjusted_lift,ベリー||ミント,19,19,Tier2,Tier2,0,False
drop_adjusted_lift,バニラ||ミント,22,20,Tier2,Tier2,-2,False
drop_adjusted_lift,キャラメル||ココナッツ,20,21,Tier1,Tier1,1,False
drop_adjusted_lift,オレンジ||グアバ,23,22,Tier2,Tier2,-1,False
drop_adjusted_lift,ダブルアップル||ミント,24,23,Tier2,Tier2,-1,False
drop_adjusted_lift,ジャスミン||ミント,26,24,Tier2,Tier2,-2,False
drop_adjusted_lift,グレープフルーツ||ライム,27,25,Tier2,Tier2,-2,False
drop_adjusted_lift,バナナ||ミルク,28,26,Tier2,Tier2,-2,False
drop_adjusted_lift,ダブルアップル||リコリス,21,27,Tier2,Tier2,6,False
drop_adjusted_lift,カルダモン||レモン,30,28,Tier2,Tier2,-2,False
drop_adjusted_lift,キャラメル||バニラ,31,29,Tier2,Tier2,-2,False
drop_adjusted_lift,グアバ||ダブルアップル,32,30,Tier2,Tier2,-2,False
drop_adjusted_lift,グアバ||ベリー,36,31,Tier2,Tier2,-5,False
drop_adjusted_lift,グアバ||パッションフルーツ,39,32,Tier2,Tier2,-7,False
drop_adjusted_lift,グアバ||パイナップル,37,33,Tier2,Tier2,-4,False
drop_adjusted_lift,グアバ||リコリス,34,34,Tier2,Tier2,0,False
drop_adjusted_lift,グアバ||ブルーベリー,35,35,Tier2,Tier2,0,False
drop_adjusted_lift,グレープフルーツ||ライチ,45,36,Tier2,Tier2,-9,False
drop_adjusted_lift,ジャスミン||ダブルアップル,38,37,Tier2,Tier2,-1,False
drop_adjusted_lift,ゴールデンデリシャスアップル||ダブルアップル,40,38,Tier2,Tier2,-2,False
drop_adjusted_lift,ハニー||ミルク,43,39,Tier2,Tier2,-4,False
drop_adjusted_lift,ダブルアップル||ツーアップル,33,40,Tier2,Tier2,7,False
drop_adjusted_lift,オレンジ||ベリー,47,41,Tier2,Tier2,-6,False
drop_adjusted_lift,オレンジ||ライチ,51,42,Tier2,Tier2,-9,False
drop_adjusted_lift,ココナッツ||ハニー,44,43,Tier2,Tier2,-1,False
drop_adjusted_lift,グレープ||ライム,52,44,Tier2,Tier2,-8,False
drop_adjusted_lift,アイス||オレンジ,50,45,Tier2,Tier2,-5,False
drop_adjusted_lift,シガー||チョコレート,46,46,Tier2,Tier2,0,False
drop_adjusted_lift,カルダモン||チェリー,41,47,Tier2,Tier2,6,False
drop_adjusted_lift,アイス||ライチ,49,48,Tier2,Tier2,-1,False
drop_adjusted_lift,ピーチ||マンゴー,48,49,Tier2,Tier2,1,False
drop_adjusted_lift,キウイ||ピーチ,42,50,Tier2,Tier2,8,False
drop_adjusted_lift,ツーアップル||リコリス,29,51,Tier2,Tier2,22,False
drop_adjusted_lift,ガムシナモン||バブルガム,25,52,Tier2,Tier2,27,False
half_adjusted_lift,グレープフルーツ||レモン,1,1,Tier1,Tier1,0,False
half_adjusted_lift,グレープ||ミント,2,2,Tier1,Tier1,0,False
half_adjusted_lift,ミント||レモン,3,3,Tier1,Tier1,0,False
half_adjusted_lift,ライム||レモン,4,4,Tier1,Tier1,0,False
half_adjusted_lift,コニャック||バニラ,5,5,Tier1,Tier1,0,False
half_adjusted_lift,アイス||ミント,6,6,Tier1,Tier1,0,False
half_adjusted_lift,ベリー||レモン,7,7,Tier1,Tier1,0,False
half_adjusted_lift,バニラ||ミルク,8,8,Tier1,Tier1,0,False
half_adjusted_lift,ミント||ライム,9,9,Tier1,Tier1,0,False
half_adjusted_lift,オレンジ||グレープフルーツ,10,10,Tier1,Tier1,0,False
half_adjusted_lift,オレンジ||レモン,11,11,Tier1,Tier1,0,False
half_adjusted_lift,ミルク||メロン,12,12,Tier1,Tier1,0,False
half_adjusted_lift,ミント||ライチ,13,13,Tier2,Tier2,0,False
half_adjusted_lift,グレープ||ベリー,14,14,Tier1,Tier1,0,False
half_adjusted_lift,グアバ||レモン,15,15,Tier1,Tier1,0,False
half_adjusted_lift,グアバ||ミント,16,16,Tier2,Tier2,0,False
half_adjusted_lift,グアバ||グレープフルーツ,17,17,Tier1,Tier1,0,False
half_adjusted_lift,ライチ||レモン,18,18,Tier1,Tier1,0,False
half_adjusted_lift,ベリー||ミント,19,19,Tier2,Tier2,0,False
half_adjusted_lift,バニラ||ミント,22,20,Tier2,Tier2,-2,False
half_adjusted_lift,キャラメル||ココナッツ,20,21,Tier1,Tier1,1,False
half_adjusted_lift,ダブルアップル||リコリス,21,22,Tier2,Tier2,1,False
half_adjusted_lift,オレンジ||グアバ,23,23,Tier2,Tier2,0,False
half_adjusted_lift,ダブルアップル||ミント,24,24,Tier2,Tier2,0,False
half_adjusted_lift,ジャスミン||ミント,26,25,Tier2,Tier2,-1,False
half_adjusted_lift,グレープフルーツ||ライム,27,26,Tier2,Tier2,-1,False
half_adjusted_lift,バナナ||ミルク,28,27,Tier2,Tier2,-1,False
half_adjusted_lift,カルダモン||レモン,30,28,Tier2,Tier2,-2,False
half_adjusted_lift,キャラメル||バニラ,31,29,Tier2,Tier2,-2,False
half_adjusted_lift,グアバ||ダブルアップル,32,30,Tier2,Tier2,-2,False
half_adjusted_lift,グアバ||ベリー,36,31,Tier2,Tier2,-5,False
half_adjusted_lift,ガムシナモン||バブルガム,25,32,Tier2,Tier2,7,False
half_adjusted_lift,グアバ||パイナップル,37,33,Tier2,Tier2,-4,False
half_adjusted_lift,グアバ||リコリス,34,34,Tier2,Tier2,0,False
half_adjusted_lift,グアバ||ブルーベリー,35,35,Tier2,Tier2,0,False
half_adjusted_lift,グアバ||パッションフルーツ,39,36,Tier2,Tier2,-3,False
half_adjusted_lift,ツーアップル||リコリス,29,37,Tier2,Tier2,8,False
half_adjusted_lift,ダブルアップル||ツーアップル,33,38,Tier2,Tier2,5,False
half_adjusted_lift,ジャスミン||ダブルアップル,38,39,Tier2,Tier2,1,False
half_adjusted_lift,ゴールデンデリシャスアップル||ダブルアップル,40,40,Tier2,Tier2,0,False
half_adjusted_lift,グレープフルーツ||ライチ,45,41,Tier2,Tier2,-4,False
half_adjusted_lift,ハニー||ミルク,43,42,Tier2,Tier2,-1,False
half_adjusted_lift,カルダモン||チェリー,41,43,Tier2,Tier2,2,False
half_adjusted_lift,オレンジ||ベリー,47,44,Tier2,Tier2,-3,False
half_adjusted_lift,ココナッツ||ハニー,44,45,Tier2,Tier2,1,False
half_adjusted_lift,シガー||チョコレート,46,46,Tier2,Tier2,0,False
half_adjusted_lift,キウイ||ピーチ,42,47,Tier2,Tier2,5,False
half_adjusted_lift,オレンジ||ライチ,51,48,Tier2,Tier2,-3,False
half_adjusted_lift,アイス||オレンジ,50,49,Tier2,Tier2,-1,False
half_adjusted_lift,グレープ||ライム,52,50,Tier2,Tier2,-2,False
half_adjusted_lift,ピーチ||マンゴー,48,51,Tier2,Tier2,3,False
half_adjusted_lift,アイス||ライチ,49,52,Tier2,Tier2,3,False
double_adjusted_lift,グレープフルーツ||レモン,1,1,Tier1,Tier1,0,False
double_adjusted_lift,グレープ||ミント,2,2,Tier1,Tier1,0,False
double_adjusted_lift,ライム||レモン,4,3,Tier1,Tier1,-1,False
double_adjusted_lift,ミント||レモン,3,4,Tier1,Tier1,1,False
double_adjusted_lift,コニャック||バニラ,5,5,Tier1,Tier1,0,False
double_adjusted_lift,アイス||ミント,6,6,Tier1,Tier1,0,False
double_adjusted_lift,オレンジ||グレープフルーツ,10,7,Tier1,Tier1,-3,False
double_adjusted_lift,ベリー||レモン,7,8,Tier1,Tier1,1,False
double_adjusted_lift,バニラ||ミルク,8,9,Tier1,Tier1,1,False
double_adjusted_lift,ミント||ライム,9,10,Tier1,Tier1,1,False
double_adjusted_lift,ミルク||メロン,12,11,Tier1,Tier1,-1,False
double_adjusted_lift,オレンジ||レモン,11,12,Tier1,Tier1,1,False
double_adjusted_lift,ミント||ライチ,13,13,Tier2,Tier2,0,False
double_adjusted_lift,グレープ||ベリー,14,14,Tier1,Tier1,0,False
double_adjusted_lift,ダブルアップル||リコリス,21,15,Tier2,Tier2,-6,False
double_adjusted_lift,グアバ||レモン,15,16,Tier1,Tier1,1,False
double_adjusted_lift,ガムシナモン||バブルガム,25,17,Tier2,Tier2,-8,False
double_adjusted_lift,グアバ||ミント,16,18,Tier2,Tier2,2,False
double_adjusted_lift,キャラメル||ココナッツ,20,19,Tier1,Tier1,-1,False
double_adjusted_lift,グアバ||グレープフルーツ,17,20,Tier1,Tier1,3,False
double_adjusted_lift,ライチ||レモン,18,21,Tier1,Tier1,3,False
double_adjusted_lift,ツーアップル||リコリス,29,22,Tier2,Tier2,-7,False
double_adjusted_lift,ベリー||ミント,19,23,Tier2,Tier2,4,False
double_adjusted_lift,バニラ||ミント,22,24,Tier2,Tier2,2,False
double_adjusted_lift,オレンジ||グアバ,23,25,Tier2,Tier2,2,False
double_adjusted_lift,バナナ||ミルク,28,26,Tier2,Tier2,-2,False
double_adjusted_lift,ダブルアップル||ミント,24,27,Tier2,Tier2,3,False
double_adjusted_lift,グレープフルーツ||ライム,27,28,Tier2,Tier2,1,False
double_adjusted_lift,ジャスミン||ミント,26,29,Tier2,Tier2,3,False
double_adjusted_lift,ダブルアップル||ツーアップル,33,30,Tier2,Tier2,-3,False
double_adjusted_lift,カルダモン||レモン,30,31,Tier2,Tier2,1,False
double_adjusted_lift,ジャスミン||ダブルアップル,38,32,Tier2,Tier2,-6,False
double_adjusted_lift,ゴールデンデリシャスアップル||ダブルアップル,40,33,Tier2,Tier2,-7,False
double_adjusted_lift,キャラメル||バニラ,31,34,Tier2,Tier2,3,False
double_adjusted_lift,グアバ||ダブルアップル,32,35,Tier2,Tier2,3,False
double_adjusted_lift,カルダモン||チェリー,41,36,Tier2,Tier2,-5,False
double_adjusted_lift,グアバ||リコリス,34,37,Tier2,Tier2,3,False
double_adjusted_lift,グアバ||ブルーベリー,35,38,Tier2,Tier2,3,False
double_adjusted_lift,グアバ||パイナップル,37,39,Tier2,Tier2,2,False
double_adjusted_lift,キウイ||ピーチ,42,40,Tier2,Tier2,-2,False
double_adjusted_lift,グアバ||ベリー,36,41,Tier2,Tier2,5,False
double_adjusted_lift,グアバ||パッションフルーツ,39,42,Tier2,Tier2,3,False
double_adjusted_lift,ココナッツ||ハニー,44,43,Tier2,Tier2,-1,False
double_adjusted_lift,シガー||チョコレート,46,44,Tier2,Tier2,-2,False
double_adjusted_lift,ハニー||ミルク,43,45,Tier2,Tier2,2,False
double_adjusted_lift,ピーチ||マンゴー,48,46,Tier2,Tier2,-2,False
double_adjusted_lift,グレープフルーツ||ライチ,45,47,Tier2,Tier2,2,False
double_adjusted_lift,アイス||ライチ,49,48,Tier2,Tier2,-1,False
double_adjusted_lift,アイス||オレンジ,50,49,Tier2,Tier2,-1,False
double_adjusted_lift,オレンジ||ベリー,47,50,Tier2,Tier2,3,False
double_adjusted_lift,グレープ||ライム,52,51,Tier2,Tier2,-1,False
double_adjusted_lift,オレンジ||ライチ,51,52,Tier2,Tier2,1,False
drop_normalized_centrality_mean,グレープフルーツ||レモン,1,1,Tier1,Tier1,0,False
drop_normalized_centrality_mean,ライム||レモン,4,2,Tier1,Tier1,-2,False
drop_normalized_centrality_mean,グレープ||ミント,2,3,Tier1,Tier1,1,False
drop_normalized_centrality_mean,ミント||レモン,3,4,Tier1,Tier1,1,False
drop_normalized_centrality_mean,コニャック||バニラ,5,5,Tier1,Tier1,0,False
drop_normalized_centrality_mean,オレンジ||グレープフルーツ,10,6,Tier1,Tier1,-4,False
drop_normalized_centrality_mean,ミルク||メロン,12,7,Tier1,Tier1,-5,False
drop_normalized_centrality_mean,グレープ||ベリー,14,8,Tier1,Tier1,-6,False
drop_normalized_centrality_mean,アイス||ミント,6,9,Tier1,Tier1,3,False
drop_normalized_centrality_mean,バニラ||ミルク,8,10,Tier1,Tier1,2,False
drop_normalized_centrality_mean,ベリー||レモン,7,11,Tier1,Tier1,4,False
drop_normalized_centrality_mean,オレンジ||レモン,11,12,Tier1,Tier1,1,False
drop_normalized_centrality_mean,ミント||ライム,9,13,Tier1,Tier1,4,False
drop_normalized_centrality_mean,キャラメル||ココナッツ,20,14,Tier1,Tier1,-6,False
drop_normalized_centrality_mean,ミント||ライチ,13,15,Tier2,Tier2,2,False
drop_normalized_centrality_mean,ダブルアップル||リコリス,21,16,Tier2,Tier2,-5,False
drop_normalized_centrality_mean,グアバ||グレープフルーツ,17,17,Tier1,Tier1,0,False
drop_normalized_centrality_mean,ライチ||レモン,18,18,Tier1,Tier1,0,False
drop_normalized_centrality_mean,ガムシナモン||バブルガム,25,19,Tier2,Tier2,-6,False
drop_normalized_centrality_mean,グアバ||レモン,15,20,Tier1,Tier1,5,False
drop_normalized_centrality_mean,ツーアップル||リコリス,29,21,Tier2,Tier2,-8,False
drop_normalized_centrality_mean,バナナ||ミルク,28,22,Tier2,Tier2,-6,False
drop_normalized_centrality_mean,グレープフルーツ||ライム,27,23,Tier2,Tier2,-4,False
drop_normalized_centrality_mean,オレンジ||グアバ,23,24,Tier2,Tier2,1,False
drop_normalized_centrality_mean,ベリー||ミント,19,25,Tier2,Tier2,6,False
drop_normalized_centrality_mean,グアバ||ミント,16,26,Tier2,Tier2,10,False
drop_normalized_centrality_mean,ダブルアップル||ツーアップル,33,27,Tier2,Tier2,-6,False
drop_normalized_centrality_mean,カルダモン||チェリー,41,28,Tier2,Tier2,-13,False
drop_normalized_centrality_mean,キウイ||ピーチ,42,29,Tier2,Tier2,-13,False
drop_normalized_centrality_mean,ゴールデンデリシャスアップル||ダブルアップル,40,30,Tier2,Tier2,-10,False
drop_normalized_centrality_mean,ジャスミン||ダブルアップル,38,31,Tier2,Tier2,-7,False
drop_normalized_centrality_mean,ココナッツ||ハニー,44,32,Tier2,Tier2,-12,False
drop_normalized_centrality_mean,シガー||チョコレート,46,33,Tier2,Tier2,-13,False
drop_normalized_centrality_mean,ピーチ||マンゴー,48,34,Tier2,Tier2,-14,False
drop_normalized_centrality_mean,グアバ||ブルーベリー,35,35,Tier2,Tier2,0,False
drop_normalized_centrality_mean,グアバ||リコリス,34,36,Tier2,Tier2,2,False
drop_normalized_centrality_mean,アイス||ライチ,49,37,Tier2,Tier2,-12,False
drop_normalized_centrality_mean,ハニー||ミルク,43,38,Tier2,Tier2,-5,False
drop_normalized_centrality_mean,グアバ||パイナップル,37,39,Tier2,Tier2,2,False
drop_normalized_centrality_mean,アイス||オレンジ,50,40,Tier2,Tier2,-10,False
drop_normalized_centrality_mean,グレープ||ライム,52,41,Tier2,Tier2,-11,False
drop_normalized_centrality_mean,カルダモン||レモン,30,42,Tier2,Tier2,12,False
drop_normalized_centrality_mean,キャラメル||バニラ,31,43,Tier2,Tier2,12,False
drop_normalized_centrality_mean,グアバ||ダブルアップル,32,44,Tier2,Tier2,12,False
drop_normalized_centrality_mean,ジャスミン||ミント,26,45,Tier2,Tier2,19,False
drop_normalized_centrality_mean,オレンジ||ライチ,51,46,Tier2,Tier2,-5,False
drop_normalized_centrality_mean,グアバ||パッションフルーツ,39,47,Tier2,Tier2,8,False
drop_normalized_centrality_mean,オレンジ||ベリー,47,48,Tier2,Tier2,1,False
drop_normalized_centrality_mean,グレープフルーツ||ライチ,45,49,Tier2,Tier2,4,False
drop_normalized_centrality_mean,グアバ||ベリー,36,50,Tier2,Tier2,14,False
drop_normalized_centrality_mean,ダブルアップル||ミント,24,51,Tier2,Tier2,27,False
drop_normalized_centrality_mean,バニラ||ミント,22,52,Tier2,Tier2,30,False
half_normalized_centrality_mean,グレープフルーツ||レモン,1,1,Tier1,Tier1,0,False
half_normalized_centrality_mean,グレープ||ミント,2,2,Tier1,Tier1,0,False
half_normalized_centrality_mean,ライム||レモン,4,3,Tier1,Tier1,-1,False
half_normalized_centrality_mean,ミント||レモン,3,4,Tier1,Tier1,1,False
half_normalized_centrality_mean,コニャック||バニラ,5,5,Tier1,Tier1,0,False
half_normalized_centrality_mean,オレンジ||グレープフルーツ,10,6,Tier1,Tier1,-4,False
half_normalized_centrality_mean,アイス||ミント,6,7,Tier1,Tier1,1,False
half_normalized_centrality_mean,ベリー||レモン,7,8,Tier1,Tier1,1,False
half_normalized_centrality_mean,バニラ||ミルク,8,9,Tier1,Tier1,1,False
half_normalized_centrality_mean,ミルク||メロン,12,10,Tier1,Tier1,-2,False
half_normalized_centrality_mean,ミント||ライム,9,11,Tier1,Tier1,2,False
half_normalized_centrality_mean,グレープ||ベリー,14,12,Tier1,Tier1,-2,False
half_normalized_centrality_mean,オレンジ||レモン,11,13,Tier1,Tier1,2,False
half_normalized_centrality_mean,ミント||ライチ,13,14,Tier2,Tier2,1,False
half_normalized_centrality_mean,グアバ||レモン,15,15,Tier1,Tier1,0,False
half_normalized_centrality_mean,グアバ||グレープフルーツ,17,16,Tier1,Tier1,-1,False
half_normalized_centrality_mean,キャラメル||ココナッツ,20,17,Tier1,Tier1,-3,False
half_normalized_centrality_mean,ライチ||レモン,18,18,Tier1,Tier1,0,False
half_normalized_centrality_mean,ダブルアップル||リコリス,21,19,Tier2,Tier2,-2,False
half_normalized_centrality_mean,グアバ||ミント,16,20,Tier2,Tier2,4,False
half_normalized_centrality_mean,ベリー||ミント,19,21,Tier2,Tier2,2,False
half_normalized_centrality_mean,ガムシナモン||バブルガム,25,22,Tier2,Tier2,-3,False
half_normalized_centrality_mean,オレンジ||グアバ,23,23,Tier2,Tier2,0,False
half_normalized_centrality_mean,ツーアップル||リコリス,29,24,Tier2,Tier2,-5,False
half_normalized_centrality_mean,バナナ||ミルク,28,25,Tier2,Tier2,-3,False
half_normalized_centrality_mean,グレープフルーツ||ライム,27,26,Tier2,Tier2,-1,False
half_normalized_centrality_mean,バニラ||ミント,22,27,Tier2,Tier2,5,False
half_normalized_centrality_mean,ダブルアップル||ミント,24,28,Tier2,Tier2,4,False
half_normalized_centrality_mean,ジャスミン||ミント,26,29,Tier2,Tier2,3,False
half_normalized_centrality_mean,ダブルアップル||ツーアップル,33,30,Tier2,Tier2,-3,False
half_normalized_centrality_mean,カルダモン||レモン,30,31,Tier2,Tier2,1,False
half_normalized_centrality_mean,ジャスミン||ダブルアップル,38,32,Tier2,Tier2,-6,False
half_normalized_centrality_mean,ゴールデンデリシャスアップル||ダブルアップル,40,33,Tier2,Tier2,-7,False
half_normalized_centrality_mean,キャラメル||バニラ,31,34,Tier2,Tier2,3,False
half_normalized_centrality_mean,グアバ||ダブルアップル,32,35,Tier2,Tier2,3,False
half_normalized_centrality_mean,カルダモン||チェリー,41,36,Tier2,Tier2,-5,False
half_normalized_centrality_mean,グアバ||リコリス,34,37,Tier2,Tier2,3,False
half_normalized_centrality_mean,グアバ||ブルーベリー,35,38,Tier2,Tier2,3,False
half_normalized_centrality_mean,グアバ||パイナップル,37,39,Tier2,Tier2,2,False
half_normalized_centrality_mean,キウイ||ピーチ,42,40,Tier2,Tier2,-2,False
half_normalized_centrality_mean,グアバ||ベリー,36,41,Tier2,Tier2,5,False
half_normalized_centrality_mean,グアバ||パッションフルーツ,39,42,Tier2,Tier2,3,False
half_normalized_centrality_mean,ココナッツ||ハニー,44,43,Tier2,Tier2,-1,False
half_normalized_centrality_mean,シガー||チョコレート,46,44,Tier2,Tier2,-2,False
half_normalized_centrality_mean,ハニー||ミルク,43,45,Tier2,Tier2,2,False
half_normalized_centrality_mean,ピーチ||マンゴー,48,46,Tier2,Tier2,-2,False
half_normalized_centrality_mean,グレープフルーツ||ライチ,45,47,Tier2,Tier2,2,False
half_normalized_centrality_mean,アイス||ライチ,49,48,Tier2,Tier2,-1,False
half_normalized_centrality_mean,アイス||オレンジ,50,49,Tier2,Tier2,-1,False
half_normalized_centrality_mean,オレンジ||ベリー,47,50,Tier2,Tier2,3,False
half_normalized_centrality_mean,グレープ||ライム,52,51,Tier2,Tier2,-1,False
half_normalized_centrality_mean,オレンジ||ライチ,51,52,Tier2,Tier2,1,False
double_normalized_centrality_mean,グレープフルーツ||レモン,1,1,Tier1,Tier1,0,False
double_normalized_centrality_mean,ミント||レモン,3,2,Tier1,Tier1,-1,False
double_normalized_centrality_mean,グレープ||ミント,2,3,Tier1,Tier1,1,False
double_normalized_centrality_mean,ライム||レモン,4,4,Tier1,Tier1,0,False
double_normalized_centrality_mean,アイス||ミント,6,5,Tier1,Tier1,-1,False
double_normalized_centrality_mean,ミント||ライム,9,6,Tier1,Tier1,-3,False
double_normalized_centrality_mean,コニャック||バニラ,5,7,Tier1,Tier1,2,False
double_normalized_centrality_mean,ベリー||レモン,7,8,Tier1,Tier1,1,False
double_normalized_centrality_mean,バニラ||ミルク,8,9,Tier1,Tier1,1,False
double_normalized_centrality_mean,グアバ||ミント,16,10,Tier2,Tier2,-6,False
double_normalized_centrality_mean,ミント||ライチ,13,11,Tier2,Tier2,-2,False
double_normalized_centrality_mean,オレンジ||レモン,11,12,Tier1,Tier1,1,False
double_normalized_centrality_mean,グアバ||レモン,15,13,Tier1,Tier1,-2,False
double_normalized_centrality_mean,オレンジ||グレープフルーツ,10,14,Tier1,Tier1,4,False
double_normalized_centrality_mean,バニラ||ミント,22,15,Tier2,Tier2,-7,False
double_normalized_centrality_mean,ベリー||ミント,19,16,Tier2,Tier2,-3,False
double_normalized_centrality_mean,ミルク||メロン,12,17,Tier1,Tier1,5,False
double_normalized_centrality_mean,ライチ||レモン,18,18,Tier1,Tier1,0,False
double_normalized_centrality_mean,グアバ||グレープフルーツ,17,19,Tier1,Tier1,2,False
double_normalized_centrality_mean,グレープ||ベリー,14,20,Tier1,Tier1,6,False
double_normalized_centrality_mean,ダブルアップル||ミント,24,21,Tier2,Tier2,-3,False
double_normalized_centrality_mean,ジャスミン||ミント,26,22,Tier2,Tier2,-4,False
double_normalized_centrality_mean,ダブルアップル||リコリス,21,23,Tier2,Tier2,2,False
double_normalized_centrality_mean,オレンジ||グアバ,23,24,Tier2,Tier2,1,False
double_normalized_centrality_mean,キャラメル||ココナッツ,20,25,Tier1,Tier1,5,False
double_normalized_centrality_mean,カルダモン||レモン,30,26,Tier2,Tier2,-4,False
double_normalized_centrality_mean,キャラメル||バニラ,31,27,Tier2,Tier2,-4,False
double_normalized_centrality_mean,グレープフルーツ||ライム,27,28,Tier2,Tier2,1,False
double_normalized_centrality_mean,グアバ||ダブルアップル,32,29,Tier2,Tier2,-3,False
double_normalized_centrality_mean,バナナ||ミルク,28,30,Tier2,Tier2,2,False
double_normalized_centrality_mean,グアバ||ベリー,36,31,Tier2,Tier2,-5,False
double_normalized_centrality_mean,ガムシナモン||バブルガム,25,32,Tier2,Tier2,7,False
double_normalized_centrality_mean,グアバ||パイナップル,37,33,Tier2,Tier2,-4,False
double_normalized_centrality_mean,グアバ||リコリス,34,34,Tier2,Tier2,0,False
double_normalized_centrality_mean,グアバ||ブルーベリー,35,35,Tier2,Tier2,0,False
double_normalized_centrality_mean,グアバ||パッションフルーツ,39,36,Tier2,Tier2,-3,False
double_normalized_centrality_mean,ツーアップル||リコリス,29,37,Tier2,Tier2,8,False
double_normalized_centrality_mean,ダブルアップル||ツーアップル,33,38,Tier2,Tier2,5,False
double_normalized_centrality_mean,ジャスミン||ダブルアップル,38,39,Tier2,Tier2,1,False
double_normalized_centrality_mean,ゴールデンデリシャスアップル||ダブルアップル,40,40,Tier2,Tier2,0,False
double_normalized_centrality_mean,グレープフルーツ||ライチ,45,41,Tier2,Tier2,-4,False
double_normalized_centrality_mean,ハニー||ミルク,43,42,Tier2,Tier2,-1,False
double_normalized_centrality_mean,カルダモン||チェリー,41,43,Tier2,Tier2,2,False
double_normalized_centrality_mean,オレンジ||ベリー,47,44,Tier2,Tier2,-3,False
double_normalized_centrality_mean,ココナッツ||ハニー,44,45,Tier2,Tier2,1,False
double_normalized_centrality_mean,シガー||チョコレート,46,46,Tier2,Tier2,0,False
double_normalized_centrality_mean,キウイ||ピーチ,42,47,Tier2,Tier2,5,False
double_normalized_centrality_mean,オレンジ||ライチ,51,48,Tier2,Tier2,-3,False
double_normalized_centrality_mean,アイス||オレンジ,50,49,Tier2,Tier2,-1,False
double_normalized_centrality_mean,グレープ||ライム,52,50,Tier2,Tier2,-2,False
double_normalized_centrality_mean,ピーチ||マンゴー,48,51,Tier2,Tier2,3,False
double_normalized_centrality_mean,アイス||ライチ,49,52,Tier2,Tier2,3,False
drop_normalized_smoothed_positive_ratio,グレープ||ミント,2,1,Tier1,Tier1,-1,False
drop_normalized_smoothed_positive_ratio,ミント||レモン,3,2,Tier1,Tier1,-1,False
drop_normalized_smoothed_positive_ratio,グレープフルーツ||レモン,1,3,Tier1,Tier1,2,False
drop_normalized_smoothed_positive_ratio,コニャック||バニラ,5,4,Tier1,Tier1,-1,False
drop_normalized_smoothed_positive_ratio,ライム||レモン,4,5,Tier1,Tier1,1,False
drop_normalized_smoothed_positive_ratio,オレンジ||グレープフルーツ,10,6,Tier1,Tier1,-4,False
drop_normalized_smoothed_positive_ratio,ミント||ライム,9,7,Tier1,Tier1,-2,False
drop_normalized_smoothed_positive_ratio,ミント||ライチ,13,8,Tier2,Tier2,-5,False
drop_normalized_smoothed_positive_ratio,オレンジ||レモン,11,9,Tier1,Tier1,-2,False
drop_normalized_smoothed_positive_ratio,ミルク||メロン,12,10,Tier1,Tier1,-2,False
drop_normalized_smoothed_positive_ratio,グアバ||ミント,16,11,Tier2,Tier2,-5,False
drop_normalized_smoothed_positive_ratio,グアバ||レモン,15,12,Tier1,Tier1,-3,False
drop_normalized_smoothed_positive_ratio,ベリー||ミント,19,13,Tier2,Tier2,-6,False
drop_normalized_smoothed_positive_ratio,アイス||ミント,6,14,Tier1,Tier1,8,False
drop_normalized_smoothed_positive_ratio,グアバ||グレープフルーツ,17,15,Tier1,Tier1,-2,False
drop_normalized_smoothed_positive_ratio,ダブルアップル||リコリス,21,16,Tier2,Tier2,-5,False
drop_normalized_smoothed_positive_ratio,ベリー||レモン,7,17,Tier1,Tier1,10,False
drop_normalized_smoothed_positive_ratio,バニラ||ミルク,8,18,Tier1,Tier1,10,False
drop_normalized_smoothed_positive_ratio,バニラ||ミント,22,19,Tier2,Tier2,-3,False
drop_normalized_smoothed_positive_ratio,ライチ||レモン,18,20,Tier1,Tier1,2,False
drop_normalized_smoothed_positive_ratio,キャラメル||ココナッツ,20,21,Tier1,Tier1,1,False
drop_normalized_smoothed_positive_ratio,オレンジ||グアバ,23,22,Tier2,Tier2,-1,False
drop_normalized_smoothed_positive_ratio,ダブルアップル||ミント,24,23,Tier2,Tier2,-1,False
drop_normalized_smoothed_positive_ratio,ガムシナモン||バブルガム,25,24,Tier2,Tier2,-1,False
drop_normalized_smoothed_positive_ratio,ジャスミン||ミント,26,25,Tier2,Tier2,-1,False
drop_normalized_smoothed_positive_ratio,グレープフルーツ||ライム,27,26,Tier2,Tier2,-1,False
drop_normalized_smoothed_positive_ratio,バナナ||ミルク,28,27,Tier2,Tier2,-1,False
drop_normalized_smoothed_positive_ratio,グレープ||ベリー,14,28,Tier1,Tier1,14,False
drop_normalized_smoothed_positive_ratio,ツーアップル||リコリス,29,29,Tier2,Tier2,0,False
drop_normalized_smoothed_positive_ratio,カルダモン||レモン,30,30,Tier2,Tier2,0,False
drop_normalized_smoothed_positive_ratio,キャラメル||バニラ,31,31,Tier2,Tier2,0,False
drop_normalized_smoothed_positive_ratio,グアバ||ダブルアップル,32,32,Tier2,Tier2,0,False
drop_normalized_smoothed_positive_ratio,ダブルアップル||ツーアップル,33,33,Tier2,Tier2,0,False
drop_normalized_smoothed_positive_ratio,グアバ||リコリス,34,34,Tier2,Tier2,0,False
drop_normalized_smoothed_positive_ratio,グアバ||ブルーベリー,35,35,Tier2,Tier2,0,False
drop_normalized_smoothed_positive_ratio,グアバ||ベリー,36,36,Tier2,Tier2,0,False
drop_normalized_smoothed_positive_ratio,グアバ||パイナップル,37,37,Tier2,Tier2,0,False
drop_normalized_smoothed_positive_ratio,ジャスミン||ダブルアップル,38,38,Tier2,Tier2,0,False
drop_normalized_smoothed_positive_ratio,グアバ||パッションフルーツ,39,39,Tier2,Tier2,0,False
drop_normalized_smoothed_positive_ratio,ゴールデンデリシャスアップル||ダブルアップル,40,40,Tier2,Tier2,0,False
drop_normalized_smoothed_positive_ratio,カルダモン||チェリー,41,41,Tier2,Tier2,0,False
drop_normalized_smoothed_positive_ratio,キウイ||ピーチ,42,42,Tier2,Tier2,0,False
drop_normalized_smoothed_positive_ratio,ハニー||ミルク,43,43,Tier2,Tier2,0,False
drop_normalized_smoothed_positive_ratio,ココナッツ||ハニー,44,44,Tier2,Tier2,0,False
drop_normalized_smoothed_positive_ratio,グレープフルーツ||ライチ,45,45,Tier2,Tier2,0,False
drop_normalized_smoothed_positive_ratio,シガー||チョコレート,46,46,Tier2,Tier2,0,False
drop_normalized_smoothed_positive_ratio,オレンジ||ベリー,47,47,Tier2,Tier2,0,False
drop_normalized_smoothed_positive_ratio,ピーチ||マンゴー,48,48,Tier2,Tier2,0,False
drop_normalized_smoothed_positive_ratio,アイス||ライチ,49,49,Tier2,Tier2,0,False
drop_normalized_smoothed_positive_ratio,アイス||オレンジ,50,50,Tier2,Tier2,0,False
drop_normalized_smoothed_positive_ratio,オレンジ||ライチ,51,51,Tier2,Tier2,0,False
drop_normalized_smoothed_positive_ratio,グレープ||ライム,52,52,Tier2,Tier2,0,False
half_normalized_smoothed_positive_ratio,グレープフルーツ||レモン,1,1,Tier1,Tier1,0,False
half_normalized_smoothed_positive_ratio,グレープ||ミント,2,2,Tier1,Tier1,0,False
half_normalized_smoothed_positive_ratio,ミント||レモン,3,3,Tier1,Tier1,0,False
half_normalized_smoothed_positive_ratio,ライム||レモン,4,4,Tier1,Tier1,0,False
half_normalized_smoothed_positive_ratio,コニャック||バニラ,5,5,Tier1,Tier1,0,False
half_normalized_smoothed_positive_ratio,オレンジ||グレープフルーツ,10,6,Tier1,Tier1,-4,False
half_normalized_smoothed_positive_ratio,ミント||ライム,9,7,Tier1,Tier1,-2,False
half_normalized_smoothed_positive_ratio,ミント||ライチ,13,8,Tier2,Tier2,-5,False
half_normalized_smoothed_positive_ratio,アイス||ミント,6,9,Tier1,Tier1,3,False
half_normalized_smoothed_positive_ratio,オレンジ||レモン,11,10,Tier1,Tier1,-1,False
half_normalized_smoothed_positive_ratio,ミルク||メロン,12,11,Tier1,Tier1,-1,False
half_normalized_smoothed_positive_ratio,ベリー||レモン,7,12,Tier1,Tier1,5,False
half_normalized_smoothed_positive_ratio,バニラ||ミルク,8,13,Tier1,Tier1,5,False
half_normalized_smoothed_positive_ratio,グアバ||ミント,16,14,Tier2,Tier2,-2,False
half_normalized_smoothed_positive_ratio,グアバ||レモン,15,15,Tier1,Tier1,0,False
half_normalized_smoothed_positive_ratio,ベリー||ミント,19,16,Tier2,Tier2,-3,False
half_normalized_smoothed_positive_ratio,グアバ||グレープフルーツ,17,17,Tier1,Tier1,0,False
half_normalized_smoothed_positive_ratio,ライチ||レモン,18,18,Tier1,Tier1,0,False
half_normalized_smoothed_positive_ratio,グレープ||ベリー,14,19,Tier1,Tier1,5,False
half_normalized_smoothed_positive_ratio,ダブルアップル||リコリス,21,20,Tier2,Tier2,-1,False
half_normalized_smoothed_positive_ratio,バニラ||ミント,22,21,Tier2,Tier2,-1,False
half_normalized_smoothed_positive_ratio,キャラメル||ココナッツ,20,22,Tier1,Tier1,2,False
half_normalized_smoothed_positive_ratio,オレンジ||グアバ,23,23,Tier2,Tier2,0,False
half_normalized_smoothed_positive_ratio,ダブルアップル||ミント,24,24,Tier2,Tier2,0,False
half_normalized_smoothed_positive_ratio,ガムシナモン||バブルガム,25,25,Tier2,Tier2,0,False
half_normalized_smoothed_positive_ratio,ジャスミン||ミント,26,26,Tier2,Tier2,0,False
half_normalized_smoothed_positive_ratio,グレープフルーツ||ライム,27,27,Tier2,Tier2,0,False
half_normalized_smoothed_positive_ratio,バナナ||ミルク,28,28,Tier2,Tier2,0,False
half_normalized_smoothed_positive_ratio,ツーアップル||リコリス,29,29,Tier2,Tier2,0,False
half_normalized_smoothed_positive_ratio,カルダモン||レモン,30,30,Tier2,Tier2,0,False
half_normalized_smoothed_positive_ratio,キャラメル||バニラ,31,31,Tier2,Tier2,0,False
half_normalized_smoothed_positive_ratio,グアバ||ダブルアップル,32,32,Tier2,Tier2,0,False
half_normalized_smoothed_positive_ratio,ダブルアップル||ツーアップル,33,33,Tier2,Tier2,0,False
half_normalized_smoothed_positive_ratio,グアバ||リコリス,34,34,Tier2,Tier2,0,False
half_normalized_smoothed_positive_ratio,グアバ||ブルーベリー,35,35,Tier2,Tier2,0,False
half_normalized_smoothed_positive_ratio,グアバ||ベリー,36,36,Tier2,Tier2,0,False
half_normalized_smoothed_positive_ratio,グアバ||パイナップル,37,37,Tier2,Tier2,0,False
half_normalized_smoothed_positive_ratio,ジャスミン||ダブルアップル,38,38,Tier2,Tier2,0,False
half_normalized_smoothed_positive_ratio,グアバ||パッションフルーツ,39,39,Tier2,Tier2,0,False
half_normalized_smoothed_positive_ratio,ゴールデンデリシャスアップル||ダブルアップル,40,40,Tier2,Tier2,0,False
half_normalized_smoothed_positive_ratio,カルダモン||チェリー,41,41,Tier2,Tier2,0,False
half_normalized_smoothed_positive_ratio,キウイ||ピーチ,42,42,Tier2,Tier2,0,False
half_normalized_smoothed_positive_ratio,ハニー||ミルク,43,43,Tier2,Tier2,0,False
half_normalized_smoothed_positive_ratio,ココナッツ||ハニー,44,44,Tier2,Tier2,0,False
half_normalized_smoothed_positive_ratio,グレープフルーツ||ライチ,45,45,Tier2,Tier2,0,False
half_normalized_smoothed_positive_ratio,シガー||チョコレート,46,46,Tier2,Tier2,0,False
half_normalized_smoothed_positive_ratio,オレンジ||ベリー,47,47,Tier2,Tier2,0,False
half_normalized_smoothed_positive_ratio,ピーチ||マンゴー,48,48,Tier2,Tier2,0,False
half_normalized_smoothed_positive_ratio,アイス||ライチ,49,49,Tier2,Tier2,0,False
half_normalized_smoothed_positive_ratio,アイス||オレンジ,50,50,Tier2,Tier2,0,False
half_normalized_smoothed_positive_ratio,オレンジ||ライチ,51,51,Tier2,Tier2,0,False
half_normalized_smoothed_positive_ratio,グレープ||ライム,52,52,Tier2,Tier2,0,False
double_normalized_smoothed_positive_ratio,グレープフルーツ||レモン,1,1,Tier1,Tier1,0,False
double_normalized_smoothed_positive_ratio,ライム||レモン,4,2,Tier1,Tier1,-2,False
double_normalized_smoothed_positive_ratio,グレープ||ミント,2,3,Tier1,Tier1,1,False
double_normalized_smoothed_positive_ratio,ミント||レモン,3,4,Tier1,Tier1,1,False
double_normalized_smoothed_positive_ratio,アイス||ミント,6,5,Tier1,Tier1,-1,False
double_normalized_smoothed_positive_ratio,ベリー||レモン,7,6,Tier1,Tier1,-1,False
double_normalized_smoothed_positive_ratio,バニラ||ミルク,8,7,Tier1,Tier1,-1,False
double_normalized_smoothed_positive_ratio,グレープ||ベリー,14,8,Tier1,Tier1,-6,False
double_normalized_smoothed_positive_ratio,コニャック||バニラ,5,9,Tier1,Tier1,4,False
double_normalized_smoothed_positive_ratio,ミント||ライム,9,10,Tier1,Tier1,1,False
double_normalized_smoothed_positive_ratio,オレンジ||グレープフルーツ,10,11,Tier1,Tier1,1,False
double_normalized_smoothed_positive_ratio,オレンジ||レモン,11,12,Tier1,Tier1,1,False
double_normalized_smoothed_positive_ratio,ミルク||メロン,12,13,Tier1,Tier1,1,False
double_normalized_smoothed_positive_ratio,グアバ||レモン,15,14,Tier1,Tier1,-1,False
double_normalized_smoothed_positive_ratio,ミント||ライチ,13,15,Tier2,Tier2,2,False
double_normalized_smoothed_positive_ratio,ライチ||レモン,18,16,Tier1,Tier1,-2,False
double_normalized_smoothed_positive_ratio,グアバ||グレープフルーツ,17,17,Tier1,Tier1,0,False
double_normalized_smoothed_positive_ratio,グアバ||ミント,16,18,Tier2,Tier2,2,False
double_normalized_smoothed_positive_ratio,キャラメル||ココナッツ,20,19,Tier1,Tier1,-1,False
double_normalized_smoothed_positive_ratio,ベリー||ミント,19,20,Tier2,Tier2,1,False
double_normalized_smoothed_positive_ratio,ダブルアップル||リコリス,21,21,Tier2,Tier2,0,False
double_normalized_smoothed_positive_ratio,バニラ||ミント,22,22,Tier2,Tier2,0,False
double_normalized_smoothed_positive_ratio,オレンジ||グアバ,23,23,Tier2,Tier2,0,False
double_normalized_smoothed_positive_ratio,ダブルアップル||ミント,24,24,Tier2,Tier2,0,False
double_normalized_smoothed_positive_ratio,ガムシナモン||バブルガム,25,25,Tier2,Tier2,0,False
double_normalized_smoothed_positive_ratio,ジャスミン||ミント,26,26,Tier2,Tier2,0,False
double_normalized_smoothed_positive_ratio,グレープフルーツ||ライム,27,27,Tier2,Tier2,0,False
double_normalized_smoothed_positive_ratio,バナナ||ミルク,28,28,Tier2,Tier2,0,False
double_normalized_smoothed_positive_ratio,ツーアップル||リコリス,29,29,Tier2,Tier2,0,False
double_normalized_smoothed_positive_ratio,カルダモン||レモン,30,30,Tier2,Tier2,0,False
double_normalized_smoothed_positive_ratio,キャラメル||バニラ,31,31,Tier2,Tier2,0,False
double_normalized_smoothed_positive_ratio,グアバ||ダブルアップル,32,32,Tier2,Tier2,0,False
double_normalized_smoothed_positive_ratio,ダブルアップル||ツーアップル,33,33,Tier2,Tier2,0,False
double_normalized_smoothed_positive_ratio,グアバ||リコリス,34,34,Tier2,Tier2,0,False
double_normalized_smoothed_positive_ratio,グアバ||ブルーベリー,35,35,Tier2,Tier2,0,False
double_normalized_smoothed_positive_ratio,グアバ||ベリー,36,36,Tier2,Tier2,0,False
double_normalized_smoothed_positive_ratio,グアバ||パイナップル,37,37,Tier2,Tier2,0,False
double_normalized_smoothed_positive_ratio,ジャスミン||ダブルアップル,38,38,Tier2,Tier2,0,False
double_normalized_smoothed_positive_ratio,グアバ||パッションフルーツ,39,39,Tier2,Tier2,0,False
double_normalized_smoothed_positive_ratio,ゴールデンデリシャスアップル||ダブルアップル,40,40,Tier2,Tier2,0,False
double_normalized_smoothed_positive_ratio,カルダモン||チェリー,41,41,Tier2,Tier2,0,False
double_normalized_smoothed_positive_ratio,キウイ||ピーチ,42,42,Tier2,Tier2,0,False
double_normalized_smoothed_positive_ratio,ハニー||ミルク,43,43,Tier2,Tier2,0,False
double_normalized_smoothed_positive_ratio,ココナッツ||ハニー,44,44,Tier2,Tier2,0,False
double_normalized_smoothed_positive_ratio,グレープフルーツ||ライチ,45,45,Tier2,Tier2,0,False
double_normalized_smoothed_positive_ratio,シガー||チョコレート,46,46,Tier2,Tier2,0,False
double_normalized_smoothed_positive_ratio,オレンジ||ベリー,47,47,Tier2,Tier2,0,False
double_normalized_smoothed_positive_ratio,ピーチ||マンゴー,48,48,Tier2,Tier2,0,False
double_normalized_smoothed_positive_ratio,アイス||ライチ,49,49,Tier2,Tier2,0,False
double_normalized_smoothed_positive_ratio,アイス||オレンジ,50,50,Tier2,Tier2,0,False
double_normalized_smoothed_positive_ratio,オレンジ||ライチ,51,51,Tier2,Tier2,0,False
double_normalized_smoothed_positive_ratio,グレープ||ライム,52,52,Tier2,Tier2,0,False
drop_normalized_smoothed_role_ratio,グレープフルーツ||レモン,1,1,Tier1,Tier1,0,False
drop_normalized_smoothed_role_ratio,グレープ||ミント,2,2,Tier1,Tier1,0,False
drop_normalized_smoothed_role_ratio,ライム||レモン,4,3,Tier1,Tier1,-1,False
drop_normalized_smoothed_role_ratio,ミント||レモン,3,4,Tier1,Tier1,1,False
drop_normalized_smoothed_role_ratio,コニャック||バニラ,5,5,Tier1,Tier1,0,False
drop_normalized_smoothed_role_ratio,アイス||ミント,6,6,Tier1,Tier1,0,False
drop_normalized_smoothed_role_ratio,ベリー||レモン,7,7,Tier1,Tier1,0,False
drop_normalized_smoothed_role_ratio,バニラ||ミルク,8,8,Tier1,Tier1,0,False
drop_normalized_smoothed_role_ratio,ミント||ライム,9,9,Tier1,Tier1,0,False
drop_normalized_smoothed_role_ratio,オレンジ||グレープフルーツ,10,10,Tier1,Tier1,0,False
drop_normalized_smoothed_role_ratio,オレンジ||レモン,11,11,Tier1,Tier1,0,False
drop_normalized_smoothed_role_ratio,ミント||ライチ,13,12,Tier2,Tier2,-1,False
drop_normalized_smoothed_role_ratio,グレープ||ベリー,14,13,Tier1,Tier1,-1,False
drop_normalized_smoothed_role_ratio,グアバ||レモン,15,14,Tier1,Tier1,-1,False
drop_normalized_smoothed_role_ratio,グアバ||ミント,16,15,Tier2,Tier2,-1,False
drop_normalized_smoothed_role_ratio,グアバ||グレープフルーツ,17,16,Tier1,Tier1,-1,False
drop_normalized_smoothed_role_ratio,ライチ||レモン,18,17,Tier1,Tier1,-1,False
drop_normalized_smoothed_role_ratio,ベリー||ミント,19,18,Tier2,Tier2,-1,False
drop_normalized_smoothed_role_ratio,ダブルアップル||リコリス,21,19,Tier2,Tier2,-2,False
drop_normalized_smoothed_role_ratio,キャラメル||ココナッツ,20,20,Tier1,Tier1,0,False
drop_normalized_smoothed_role_ratio,バニラ||ミント,22,21,Tier2,Tier2,-1,False
drop_normalized_smoothed_role_ratio,ミルク||メロン,12,22,Tier1,Tier1,10,False
drop_normalized_smoothed_role_ratio,オレンジ||グアバ,23,23,Tier2,Tier2,0,False
drop_normalized_smoothed_role_ratio,ダブルアップル||ミント,24,24,Tier2,Tier2,0,False
drop_normalized_smoothed_role_ratio,ガムシナモン||バブルガム,25,25,Tier2,Tier2,0,False
drop_normalized_smoothed_role_ratio,ジャスミン||ミント,26,26,Tier2,Tier2,0,False
drop_normalized_smoothed_role_ratio,グレープフルーツ||ライム,27,27,Tier2,Tier2,0,False
drop_normalized_smoothed_role_ratio,バナナ||ミルク,28,28,Tier2,Tier2,0,False
drop_normalized_smoothed_role_ratio,ツーアップル||リコリス,29,29,Tier2,Tier2,0,False
drop_normalized_smoothed_role_ratio,カルダモン||レモン,30,30,Tier2,Tier2,0,False
drop_normalized_smoothed_role_ratio,キャラメル||バニラ,31,31,Tier2,Tier2,0,False
drop_normalized_smoothed_role_ratio,グアバ||ダブルアップル,32,32,Tier2,Tier2,0,False
drop_normalized_smoothed_role_ratio,ダブルアップル||ツーアップル,33,33,Tier2,Tier2,0,False
drop_normalized_smoothed_role_ratio,グアバ||リコリス,34,34,Tier2,Tier2,0,False
drop_normalized_smoothed_role_ratio,グアバ||ブルーベリー,35,35,Tier2,Tier2,0,False
drop_normalized_smoothed_role_ratio,グアバ||ベリー,36,36,Tier2,Tier2,0,False
drop_normalized_smoothed_role_ratio,グアバ||パイナップル,37,37,Tier2,Tier2,0,False
drop_normalized_smoothed_role_ratio,ジャスミン||ダブルアップル,38,38,Tier2,Tier2,0,False
drop_normalized_smoothed_role_ratio,グアバ||パッションフルーツ,39,39,Tier2,Tier2,0,False
drop_normalized_smoothed_role_ratio,ゴールデンデリシャスアップル||ダブルアップル,40,40,Tier2,Tier2,0,False
drop_normalized_smoothed_role_ratio,カルダモン||チェリー,41,41,Tier2,Tier2,0,False
drop_normalized_smoothed_role_ratio,キウイ||ピーチ,42,42,Tier2,Tier2,0,False
drop_normalized_smoothed_role_ratio,ハニー||ミルク,43,43,Tier2,Tier2,0,False
drop_normalized_smoothed_role_ratio,ココナッツ||ハニー,44,44,Tier2,Tier2,0,False
drop_normalized_smoothed_role_ratio,グレープフルーツ||ライチ,45,45,Tier2,Tier2,0,False
drop_normalized_smoothed_role_ratio,シガー||チョコレート,46,46,Tier2,Tier2,0,False
drop_normalized_smoothed_role_ratio,オレンジ||ベリー,47,47,Tier2,Tier2,0,False
drop_normalized_smoothed_role_ratio,ピーチ||マンゴー,48,48,Tier2,Tier2,0,False
drop_normalized_smoothed_role_ratio,アイス||ライチ,49,49,Tier2,Tier2,0,False
drop_normalized_smoothed_role_ratio,アイス||オレンジ,50,50,Tier2,Tier2,0,False
drop_normalized_smoothed_role_ratio,オレンジ||ライチ,51,51,Tier2,Tier2,0,False
drop_normalized_smoothed_role_ratio,グレープ||ライム,52,52,Tier2,Tier2,0,False
half_normalized_smoothed_role_ratio,グレープフルーツ||レモン,1,1,Tier1,Tier1,0,False
half_normalized_smoothed_role_ratio,グレープ||ミント,2,2,Tier1,Tier1,0,False
half_normalized_smoothed_role_ratio,ライム||レモン,4,3,Tier1,Tier1,-1,False
half_normalized_smoothed_role_ratio,ミント||レモン,3,4,Tier1,Tier1,1,False
half_normalized_smoothed_role_ratio,コニャック||バニラ,5,5,Tier1,Tier1,0,False
half_normalized_smoothed_role_ratio,アイス||ミント,6,6,Tier1,Tier1,0,False
half_normalized_smoothed_role_ratio,ベリー||レモン,7,7,Tier1,Tier1,0,False
half_normalized_smoothed_role_ratio,バニラ||ミルク,8,8,Tier1,Tier1,0,False
half_normalized_smoothed_role_ratio,ミント||ライム,9,9,Tier1,Tier1,0,False
half_normalized_smoothed_role_ratio,オレンジ||グレープフルーツ,10,10,Tier1,Tier1,0,False
half_normalized_smoothed_role_ratio,オレンジ||レモン,11,11,Tier1,Tier1,0,False
half_normalized_smoothed_role_ratio,ミント||ライチ,13,12,Tier2,Tier2,-1,False
half_normalized_smoothed_role_ratio,グレープ||ベリー,14,13,Tier1,Tier1,-1,False
half_normalized_smoothed_role_ratio,グアバ||レモン,15,14,Tier1,Tier1,-1,False
half_normalized_smoothed_role_ratio,グアバ||ミント,16,15,Tier2,Tier2,-1,False
half_normalized_smoothed_role_ratio,ミルク||メロン,12,16,Tier1,Tier1,4,False
half_normalized_smoothed_role_ratio,グアバ||グレープフルーツ,17,17,Tier1,Tier1,0,False
half_normalized_smoothed_role_ratio,ライチ||レモン,18,18,Tier1,Tier1,0,False
half_normalized_smoothed_role_ratio,ベリー||ミント,19,19,Tier2,Tier2,0,False
half_normalized_smoothed_role_ratio,ダブルアップル||リコリス,21,20,Tier2,Tier2,-1,False
half_normalized_smoothed_role_ratio,キャラメル||ココナッツ,20,21,Tier1,Tier1,1,False
half_normalized_smoothed_role_ratio,バニラ||ミント,22,22,Tier2,Tier2,0,False
half_normalized_smoothed_role_ratio,オレンジ||グアバ,23,23,Tier2,Tier2,0,False
half_normalized_smoothed_role_ratio,ダブルアップル||ミント,24,24,Tier2,Tier2,0,False
half_normalized_smoothed_role_ratio,ガムシナモン||バブルガム,25,25,Tier2,Tier2,0,False
half_normalized_smoothed_role_ratio,ジャスミン||ミント,26,26,Tier2,Tier2,0,False
half_normalized_smoothed_role_ratio,グレープフルーツ||ライム,27,27,Tier2,Tier2,0,False
half_normalized_smoothed_role_ratio,バナナ||ミルク,28,28,Tier2,Tier2,0,False
half_normalized_smoothed_role_ratio,ツーアップル||リコリス,29,29,Tier2,Tier2,0,False
half_normalized_smoothed_role_ratio,カルダモン||レモン,30,30,Tier2,Tier2,0,False
half_normalized_smoothed_role_ratio,キャラメル||バニラ,31,31,Tier2,Tier2,0,False
half_normalized_smoothed_role_ratio,グアバ||ダブルアップル,32,32,Tier2,Tier2,0,False
half_normalized_smoothed_role_ratio,ダブルアップル||ツーアップル,33,33,Tier2,Tier2,0,False
half_normalized_smoothed_role_ratio,グアバ||リコリス,34,34,Tier2,Tier2,0,False
half_normalized_smoothed_role_ratio,グアバ||ブルーベリー,35,35,Tier2,Tier2,0,False
half_normalized_smoothed_role_ratio,グアバ||ベリー,36,36,Tier2,Tier2,0,False
half_normalized_smoothed_role_ratio,グアバ||パイナップル,37,37,Tier2,Tier2,0,False
half_normalized_smoothed_role_ratio,ジャスミン||ダブルアップル,38,38,Tier2,Tier2,0,False
half_normalized_smoothed_role_ratio,グアバ||パッションフルーツ,39,39,Tier2,Tier2,0,False
half_normalized_smoothed_role_ratio,ゴールデンデリシャスアップル||ダブルアップル,40,40,Tier2,Tier2,0,False
half_normalized_smoothed_role_ratio,カルダモン||チェリー,41,41,Tier2,Tier2,0,False
half_normalized_smoothed_role_ratio,キウイ||ピーチ,42,42,Tier2,Tier2,0,False
half_normalized_smoothed_role_ratio,ハニー||ミルク,43,43,Tier2,Tier2,0,False
half_normalized_smoothed_role_ratio,ココナッツ||ハニー,44,44,Tier2,Tier2,0,False
half_normalized_smoothed_role_ratio,グレープフルーツ||ライチ,45,45,Tier2,Tier2,0,False
half_normalized_smoothed_role_ratio,シガー||チョコレート,46,46,Tier2,Tier2,0,False
half_normalized_smoothed_role_ratio,オレンジ||ベリー,47,47,Tier2,Tier2,0,False
half_normalized_smoothed_role_ratio,ピーチ||マンゴー,48,48,Tier2,Tier2,0,False
half_normalized_smoothed_role_ratio,アイス||ライチ,49,49,Tier2,Tier2,0,False
half_normalized_smoothed_role_ratio,アイス||オレンジ,50,50,Tier2,Tier2,0,False
half_normalized_smoothed_role_ratio,オレンジ||ライチ,51,51,Tier2,Tier2,0,False
half_normalized_smoothed_role_ratio,グレープ||ライム,52,52,Tier2,Tier2,0,False
double_normalized_smoothed_role_ratio,グレープフルーツ||レモン,1,1,Tier1,Tier1,0,False
double_normalized_smoothed_role_ratio,グレープ||ミント,2,2,Tier1,Tier1,0,False
double_normalized_smoothed_role_ratio,ミント||レモン,3,3,Tier1,Tier1,0,False
double_normalized_smoothed_role_ratio,ライム||レモン,4,4,Tier1,Tier1,0,False
double_normalized_smoothed_role_ratio,ミルク||メロン,12,5,Tier1,Tier1,-7,False
double_normalized_smoothed_role_ratio,コニャック||バニラ,5,6,Tier1,Tier1,1,False
double_normalized_smoothed_role_ratio,アイス||ミント,6,7,Tier1,Tier1,1,False
double_normalized_smoothed_role_ratio,ベリー||レモン,7,8,Tier1,Tier1,1,False
double_normalized_smoothed_role_ratio,バニラ||ミルク,8,9,Tier1,Tier1,1,False
double_normalized_smoothed_role_ratio,ミント||ライム,9,10,Tier1,Tier1,1,False
double_normalized_smoothed_role_ratio,オレンジ||グレープフルーツ,10,11,Tier1,Tier1,1,False
double_normalized_smoothed_role_ratio,オレンジ||レモン,11,12,Tier1,Tier1,1,False
double_normalized_smoothed_role_ratio,ミント||ライチ,13,13,Tier2,Tier2,0,False
double_normalized_smoothed_role_ratio,グレープ||ベリー,14,14,Tier1,Tier1,0,False
double_normalized_smoothed_role_ratio,グアバ||レモン,15,15,Tier1,Tier1,0,False
double_normalized_smoothed_role_ratio,グアバ||ミント,16,16,Tier2,Tier2,0,False
double_normalized_smoothed_role_ratio,グアバ||グレープフルーツ,17,17,Tier1,Tier1,0,False
double_normalized_smoothed_role_ratio,ライチ||レモン,18,18,Tier1,Tier1,0,False
double_normalized_smoothed_role_ratio,ベリー||ミント,19,19,Tier2,Tier2,0,False
double_normalized_smoothed_role_ratio,キャラメル||ココナッツ,20,20,Tier1,Tier1,0,False
double_normalized_smoothed_role_ratio,ダブルアップル||リコリス,21,21,Tier2,Tier2,0,False
double_normalized_smoothed_role_ratio,バニラ||ミント,22,22,Tier2,Tier2,0,False
double_normalized_smoothed_role_ratio,オレンジ||グアバ,23,23,Tier2,Tier2,0,False
double_normalized_smoothed_role_ratio,ダブルアップル||ミント,24,24,Tier2,Tier2,0,False
double_normalized_smoothed_role_ratio,ガムシナモン||バブルガム,25,25,Tier2,Tier2,0,False
double_normalized_smoothed_role_ratio,ジャスミン||ミント,26,26,Tier2,Tier2,0,False
double_normalized_smoothed_role_ratio,グレープフルーツ||ライム,27,27,Tier2,Tier2,0,False
double_normalized_smoothed_role_ratio,バナナ||ミルク,28,28,Tier2,Tier2,0,False
double_normalized_smoothed_role_ratio,ツーアップル||リコリス,29,29,Tier2,Tier2,0,False
double_normalized_smoothed_role_ratio,カルダモン||レモン,30,30,Tier2,Tier2,0,False
double_normalized_smoothed_role_ratio,キャラメル||バニラ,31,31,Tier2,Tier2,0,False
double_normalized_smoothed_role_ratio,グアバ||ダブルアップル,32,32,Tier2,Tier2,0,False
double_normalized_smoothed_role_ratio,ダブルアップル||ツーアップル,33,33,Tier2,Tier2,0,False
double_normalized_smoothed_role_ratio,グアバ||リコリス,34,34,Tier2,Tier2,0,False
double_normalized_smoothed_role_ratio,グアバ||ブルーベリー,35,35,Tier2,Tier2,0,False
double_normalized_smoothed_role_ratio,グアバ||ベリー,36,36,Tier2,Tier2,0,False
double_normalized_smoothed_role_ratio,グアバ||パイナップル,37,37,Tier2,Tier2,0,False
double_normalized_smoothed_role_ratio,ジャスミン||ダブルアップル,38,38,Tier2,Tier2,0,False
double_normalized_smoothed_role_ratio,グアバ||パッションフルーツ,39,39,Tier2,Tier2,0,False
double_normalized_smoothed_role_ratio,ゴールデンデリシャスアップル||ダブルアップル,40,40,Tier2,Tier2,0,False
double_normalized_smoothed_role_ratio,カルダモン||チェリー,41,41,Tier2,Tier2,0,False
double_normalized_smoothed_role_ratio,キウイ||ピーチ,42,42,Tier2,Tier2,0,False
double_normalized_smoothed_role_ratio,ハニー||ミルク,43,43,Tier2,Tier2,0,False
double_normalized_smoothed_role_ratio,ココナッツ||ハニー,44,44,Tier2,Tier2,0,False
double_normalized_smoothed_role_ratio,グレープフルーツ||ライチ,45,45,Tier2,Tier2,0,False
double_normalized_smoothed_role_ratio,シガー||チョコレート,46,46,Tier2,Tier2,0,False
double_normalized_smoothed_role_ratio,オレンジ||ベリー,47,47,Tier2,Tier2,0,False
double_normalized_smoothed_role_ratio,ピーチ||マンゴー,48,48,Tier2,Tier2,0,False
double_normalized_smoothed_role_ratio,アイス||ライチ,49,49,Tier2,Tier2,0,False
double_normalized_smoothed_role_ratio,アイス||オレンジ,50,50,Tier2,Tier2,0,False
double_normalized_smoothed_role_ratio,オレンジ||ライチ,51,51,Tier2,Tier2,0,False
double_normalized_smoothed_role_ratio,グレープ||ライム,52,52,Tier2,Tier2,0,False
drop_normalized_smoothed_negative_ratio,グレープフルーツ||レモン,1,1,Tier1,Tier1,0,False
drop_normalized_smoothed_negative_ratio,グレープ||ミント,2,2,Tier1,Tier1,0,False
drop_normalized_smoothed_negative_ratio,ミント||レモン,3,3,Tier1,Tier1,0,False
drop_normalized_smoothed_negative_ratio,ライム||レモン,4,4,Tier1,Tier1,0,False
drop_normalized_smoothed_negative_ratio,コニャック||バニラ,5,5,Tier1,Tier1,0,False
drop_normalized_smoothed_negative_ratio,アイス||ミント,6,6,Tier1,Tier1,0,False
drop_normalized_smoothed_negative_ratio,ベリー||レモン,7,7,Tier1,Tier1,0,False
drop_normalized_smoothed_negative_ratio,バニラ||ミルク,8,8,Tier1,Tier1,0,False
drop_normalized_smoothed_negative_ratio,ミント||ライム,9,9,Tier1,Tier1,0,False
drop_normalized_smoothed_negative_ratio,オレンジ||グレープフルーツ,10,10,Tier1,Tier1,0,False
drop_normalized_smoothed_negative_ratio,オレンジ||レモン,11,11,Tier1,Tier1,0,False
drop_normalized_smoothed_negative_ratio,ミルク||メロン,12,12,Tier1,Tier1,0,False
drop_normalized_smoothed_negative_ratio,ミント||ライチ,13,13,Tier2,Tier2,0,False
drop_normalized_smoothed_negative_ratio,グアバ||グレープフルーツ,17,14,Tier1,Tier1,-3,False
drop_normalized_smoothed_negative_ratio,グレープ||ベリー,14,15,Tier1,Tier1,1,False
drop_normalized_smoothed_negative_ratio,グアバ||レモン,15,16,Tier1,Tier1,1,False
drop_normalized_smoothed_negative_ratio,グアバ||ミント,16,17,Tier2,Tier2,1,False
drop_normalized_smoothed_negative_ratio,ライチ||レモン,18,18,Tier1,Tier1,0,False
drop_normalized_smoothed_negative_ratio,ベリー||ミント,19,19,Tier2,Tier2,0,False
drop_normalized_smoothed_negative_ratio,キャラメル||ココナッツ,20,20,Tier1,Tier1,0,False
drop_normalized_smoothed_negative_ratio,ダブルアップル||リコリス,21,21,Tier2,Tier2,0,False
drop_normalized_smoothed_negative_ratio,バニラ||ミント,22,22,Tier2,Tier2,0,False
drop_normalized_smoothed_negative_ratio,オレンジ||グアバ,23,23,Tier2,Tier2,0,False
drop_normalized_smoothed_negative_ratio,ダブルアップル||ミント,24,24,Tier2,Tier2,0,False
drop_normalized_smoothed_negative_ratio,ガムシナモン||バブルガム,25,25,Tier2,Tier2,0,False
drop_normalized_smoothed_negative_ratio,ジャスミン||ミント,26,26,Tier2,Tier2,0,False
drop_normalized_smoothed_negative_ratio,グレープフルーツ||ライム,27,27,Tier2,Tier2,0,False
drop_normalized_smoothed_negative_ratio,バナナ||ミルク,28,28,Tier2,Tier2,0,False
drop_normalized_smoothed_negative_ratio,ツーアップル||リコリス,29,29,Tier2,Tier2,0,False
drop_normalized_smoothed_negative_ratio,カルダモン||レモン,30,30,Tier2,Tier2,0,False
drop_normalized_smoothed_negative_ratio,キャラメル||バニラ,31,31,Tier2,Tier2,0,False
drop_normalized_smoothed_negative_ratio,グアバ||ダブルアップル,32,32,Tier2,Tier2,0,False
drop_normalized_smoothed_negative_ratio,ダブルアップル||ツーアップル,33,33,Tier2,Tier2,0,False
drop_normalized_smoothed_negative_ratio,グアバ||リコリス,34,34,Tier2,Tier2,0,False
drop_normalized_smoothed_negative_ratio,グアバ||ブルーベリー,35,35,Tier2,Tier2,0,False
drop_normalized_smoothed_negative_ratio,グアバ||ベリー,36,36,Tier2,Tier2,0,False
drop_normalized_smoothed_negative_ratio,グアバ||パイナップル,37,37,Tier2,Tier2,0,False
drop_normalized_smoothed_negative_ratio,ジャスミン||ダブルアップル,38,38,Tier2,Tier2,0,False
drop_normalized_smoothed_negative_ratio,グアバ||パッションフルーツ,39,39,Tier2,Tier2,0,False
drop_normalized_smoothed_negative_ratio,ゴールデンデリシャスアップル||ダブルアップル,40,40,Tier2,Tier2,0,False
drop_normalized_smoothed_negative_ratio,カルダモン||チェリー,41,41,Tier2,Tier2,0,False
drop_normalized_smoothed_negative_ratio,キウイ||ピーチ,42,42,Tier2,Tier2,0,False
drop_normalized_smoothed_negative_ratio,ハニー||ミルク,43,43,Tier2,Tier2,0,False
drop_normalized_smoothed_negative_ratio,ココナッツ||ハニー,44,44,Tier2,Tier2,0,False
drop_normalized_smoothed_negative_ratio,グレープフルーツ||ライチ,45,45,Tier2,Tier2,0,False
drop_normalized_smoothed_negative_ratio,シガー||チョコレート,46,46,Tier2,Tier2,0,False
drop_normalized_smoothed_negative_ratio,オレンジ||ベリー,47,47,Tier2,Tier2,0,False
drop_normalized_smoothed_negative_ratio,ピーチ||マンゴー,48,48,Tier2,Tier2,0,False
drop_normalized_smoothed_negative_ratio,アイス||ライチ,49,49,Tier2,Tier2,0,False
drop_normalized_smoothed_negative_ratio,アイス||オレンジ,50,50,Tier2,Tier2,0,False
drop_normalized_smoothed_negative_ratio,オレンジ||ライチ,51,51,Tier2,Tier2,0,False
drop_normalized_smoothed_negative_ratio,グレープ||ライム,52,52,Tier2,Tier2,0,False
half_normalized_smoothed_negative_ratio,グレープフルーツ||レモン,1,1,Tier1,Tier1,0,False
half_normalized_smoothed_negative_ratio,グレープ||ミント,2,2,Tier1,Tier1,0,False
half_normalized_smoothed_negative_ratio,ミント||レモン,3,3,Tier1,Tier1,0,False
half_normalized_smoothed_negative_ratio,ライム||レモン,4,4,Tier1,Tier1,0,False
half_normalized_smoothed_negative_ratio,コニャック||バニラ,5,5,Tier1,Tier1,0,False
half_normalized_smoothed_negative_ratio,アイス||ミント,6,6,Tier1,Tier1,0,False
half_normalized_smoothed_negative_ratio,ベリー||レモン,7,7,Tier1,Tier1,0,False
half_normalized_smoothed_negative_ratio,バニラ||ミルク,8,8,Tier1,Tier1,0,False
half_normalized_smoothed_negative_ratio,ミント||ライム,9,9,Tier1,Tier1,0,False
half_normalized_smoothed_negative_ratio,オレンジ||グレープフルーツ,10,10,Tier1,Tier1,0,False
half_normalized_smoothed_negative_ratio,オレンジ||レモン,11,11,Tier1,Tier1,0,False
half_normalized_smoothed_negative_ratio,ミルク||メロン,12,12,Tier1,Tier1,0,False
half_normalized_smoothed_negative_ratio,ミント||ライチ,13,13,Tier2,Tier2,0,False
half_normalized_smoothed_negative_ratio,グレープ||ベリー,14,14,Tier1,Tier1,0,False
half_normalized_smoothed_negative_ratio,グアバ||レモン,15,15,Tier1,Tier1,0,False
half_normalized_smoothed_negative_ratio,グアバ||グレープフルーツ,17,16,Tier1,Tier1,-1,False
half_normalized_smoothed_negative_ratio,グアバ||ミント,16,17,Tier2,Tier2,1,False
half_normalized_smoothed_negative_ratio,ライチ||レモン,18,18,Tier1,Tier1,0,False
half_normalized_smoothed_negative_ratio,ベリー||ミント,19,19,Tier2,Tier2,0,False
half_normalized_smoothed_negative_ratio,キャラメル||ココナッツ,20,20,Tier1,Tier1,0,False
half_normalized_smoothed_negative_ratio,ダブルアップル||リコリス,21,21,Tier2,Tier2,0,False
half_normalized_smoothed_negative_ratio,バニラ||ミント,22,22,Tier2,Tier2,0,False
half_normalized_smoothed_negative_ratio,オレンジ||グアバ,23,23,Tier2,Tier2,0,False
half_normalized_smoothed_negative_ratio,ダブルアップル||ミント,24,24,Tier2,Tier2,0,False
half_normalized_smoothed_negative_ratio,ガムシナモン||バブルガム,25,25,Tier2,Tier2,0,False
half_normalized_smoothed_negative_ratio,ジャスミン||ミント,26,26,Tier2,Tier2,0,False
half_normalized_smoothed_negative_ratio,グレープフルーツ||ライム,27,27,Tier2,Tier2,0,False
half_normalized_smoothed_negative_ratio,バナナ||ミルク,28,28,Tier2,Tier2,0,False
half_normalized_smoothed_negative_ratio,ツーアップル||リコリス,29,29,Tier2,Tier2,0,False
half_normalized_smoothed_negative_ratio,カルダモン||レモン,30,30,Tier2,Tier2,0,False
half_normalized_smoothed_negative_ratio,キャラメル||バニラ,31,31,Tier2,Tier2,0,False
half_normalized_smoothed_negative_ratio,グアバ||ダブルアップル,32,32,Tier2,Tier2,0,False
half_normalized_smoothed_negative_ratio,ダブルアップル||ツーアップル,33,33,Tier2,Tier2,0,False
half_normalized_smoothed_negative_ratio,グアバ||リコリス,34,34,Tier2,Tier2,0,False
half_normalized_smoothed_negative_ratio,グアバ||ブルーベリー,35,35,Tier2,Tier2,0,False
half_normalized_smoothed_negative_ratio,グアバ||ベリー,36,36,Tier2,Tier2,0,False
half_normalized_smoothed_negative_ratio,グアバ||パイナップル,37,37,Tier2,Tier2,0,False
half_normalized_smoothed_negative_ratio,ジャスミン||ダブルアップル,38,38,Tier2,Tier2,0,False
half_normalized_smoothed_negative_ratio,グアバ||パッションフルーツ,39,39,Tier2,Tier2,0,False
half_normalized_smoothed_negative_ratio,ゴールデンデリシャスアップル||ダブルアップル,40,40,Tier2,Tier2,0,False
half_normalized_smoothed_negative_ratio,カルダモン||チェリー,41,41,Tier2,Tier2,0,False
half_normalized_smoothed_negative_ratio,キウイ||ピーチ,42,42,Tier2,Tier2,0,False
half_normalized_smoothed_negative_ratio,ハニー||ミルク,43,43,Tier2,Tier2,0,False
half_normalized_smoothed_negative_ratio,ココナッツ||ハニー,44,44,Tier2,Tier2,0,False
half_normalized_smoothed_negative_ratio,グレープフルーツ||ライチ,45,45,Tier2,Tier2,0,False
half_normalized_smoothed_negative_ratio,シガー||チョコレート,46,46,Tier2,Tier2,0,False
half_normalized_smoothed_negative_ratio,オレンジ||ベリー,47,47,Tier2,Tier2,0,False
half_normalized_smoothed_negative_ratio,ピーチ||マンゴー,48,48,Tier2,Tier2,0,False
half_normalized_smoothed_negative_ratio,アイス||ライチ,49,49,Tier2,Tier2,0,False
half_normalized_smoothed_negative_ratio,アイス||オレンジ,50,50,Tier2,Tier2,0,False
half_normalized_smoothed_negative_ratio,オレンジ||ライチ,51,51,Tier2,Tier2,0,False
half_normalized_smoothed_negative_ratio,グレープ||ライム,52,52,Tier2,Tier2,0,False
double_normalized_smoothed_negative_ratio,グレープフルーツ||レモン,1,1,Tier1,Tier1,0,False
double_normalized_smoothed_negative_ratio,グレープ||ミント,2,2,Tier1,Tier1,0,False
double_normalized_smoothed_negative_ratio,ミント||レモン,3,3,Tier1,Tier1,0,False
double_normalized_smoothed_negative_ratio,ライム||レモン,4,4,Tier1,Tier1,0,False
double_normalized_smoothed_negative_ratio,コニャック||バニラ,5,5,Tier1,Tier1,0,False
double_normalized_smoothed_negative_ratio,アイス||ミント,6,6,Tier1,Tier1,0,False
double_normalized_smoothed_negative_ratio,ベリー||レモン,7,7,Tier1,Tier1,0,False
double_normalized_smoothed_negative_ratio,バニラ||ミルク,8,8,Tier1,Tier1,0,False
double_normalized_smoothed_negative_ratio,ミント||ライム,9,9,Tier1,Tier1,0,False
double_normalized_smoothed_negative_ratio,オレンジ||グレープフルーツ,10,10,Tier1,Tier1,0,False
double_normalized_smoothed_negative_ratio,オレンジ||レモン,11,11,Tier1,Tier1,0,False
double_normalized_smoothed_negative_ratio,ミルク||メロン,12,12,Tier1,Tier1,0,False
double_normalized_smoothed_negative_ratio,ミント||ライチ,13,13,Tier2,Tier2,0,False
double_normalized_smoothed_negative_ratio,グレープ||ベリー,14,14,Tier1,Tier1,0,False
double_normalized_smoothed_negative_ratio,グアバ||レモン,15,15,Tier1,Tier1,0,False
double_normalized_smoothed_negative_ratio,グアバ||ミント,16,16,Tier2,Tier2,0,False
double_normalized_smoothed_negative_ratio,ライチ||レモン,18,17,Tier1,Tier1,-1,False
double_normalized_smoothed_negative_ratio,ベリー||ミント,19,18,Tier2,Tier2,-1,False
double_normalized_smoothed_negative_ratio,キャラメル||ココナッツ,20,19,Tier1,Tier1,-1,False
double_normalized_smoothed_negative_ratio,ダブルアップル||リコリス,21,20,Tier2,Tier2,-1,False
double_normalized_smoothed_negative_ratio,バニラ||ミント,22,21,Tier2,Tier2,-1,False
double_normalized_smoothed_negative_ratio,グアバ||グレープフルーツ,17,22,Tier1,Tier1,5,False
double_normalized_smoothed_negative_ratio,オレンジ||グアバ,23,23,Tier2,Tier2,0,False
double_normalized_smoothed_negative_ratio,ダブルアップル||ミント,24,24,Tier2,Tier2,0,False
double_normalized_smoothed_negative_ratio,ガムシナモン||バブルガム,25,25,Tier2,Tier2,0,False
double_normalized_smoothed_negative_ratio,ジャスミン||ミント,26,26,Tier2,Tier2,0,False
double_normalized_smoothed_negative_ratio,グレープフルーツ||ライム,27,27,Tier2,Tier2,0,False
double_normalized_smoothed_negative_ratio,バナナ||ミルク,28,28,Tier2,Tier2,0,False
double_normalized_smoothed_negative_ratio,ツーアップル||リコリス,29,29,Tier2,Tier2,0,False
double_normalized_smoothed_negative_ratio,カルダモン||レモン,30,30,Tier2,Tier2,0,False
double_normalized_smoothed_negative_ratio,キャラメル||バニラ,31,31,Tier2,Tier2,0,False
double_normalized_smoothed_negative_ratio,グアバ||ダブルアップル,32,32,Tier2,Tier2,0,False
double_normalized_smoothed_negative_ratio,ダブルアップル||ツーアップル,33,33,Tier2,Tier2,0,False
double_normalized_smoothed_negative_ratio,グアバ||リコリス,34,34,Tier2,Tier2,0,False
double_normalized_smoothed_negative_ratio,グアバ||ブルーベリー,35,35,Tier2,Tier2,0,False
double_normalized_smoothed_negative_ratio,グアバ||ベリー,36,36,Tier2,Tier2,0,False
double_normalized_smoothed_negative_ratio,グアバ||パイナップル,37,37,Tier2,Tier2,0,False
double_normalized_smoothed_negative_ratio,ジャスミン||ダブルアップル,38,38,Tier2,Tier2,0,False
double_normalized_smoothed_negative_ratio,グアバ||パッションフルーツ,39,39,Tier2,Tier2,0,False
double_normalized_smoothed_negative_ratio,ゴールデンデリシャスアップル||ダブルアップル,40,40,Tier2,Tier2,0,False
double_normalized_smoothed_negative_ratio,カルダモン||チェリー,41,41,Tier2,Tier2,0,False
double_normalized_smoothed_negative_ratio,キウイ||ピーチ,42,42,Tier2,Tier2,0,False
double_normalized_smoothed_negative_ratio,ハニー||ミルク,43,43,Tier2,Tier2,0,False
double_normalized_smoothed_negative_ratio,ココナッツ||ハニー,44,44,Tier2,Tier2,0,False
double_normalized_smoothed_negative_ratio,グレープフルーツ||ライチ,45,45,Tier2,Tier2,0,False
double_normalized_smoothed_negative_ratio,シガー||チョコレート,46,46,Tier2,Tier2,0,False
double_normalized_smoothed_negative_ratio,オレンジ||ベリー,47,47,Tier2,Tier2,0,False
double_normalized_smoothed_negative_ratio,ピーチ||マンゴー,48,48,Tier2,Tier2,0,False
double_normalized_smoothed_negative_ratio,アイス||ライチ,49,49,Tier2,Tier2,0,False
double_normalized_smoothed_negative_ratio,アイス||オレンジ,50,50,Tier2,Tier2,0,False
double_normalized_smoothed_negative_ratio,オレンジ||ライチ,51,51,Tier2,Tier2,0,False
double_normalized_smoothed_negative_ratio,グレープ||ライム,52,52,Tier2,Tier2,0,False
statistics_centered,グレープ||ミント,2,1,Tier1,Tier1,-1,False
statistics_centered,ミント||レモン,3,2,Tier1,Tier1,-1,False
statistics_centered,グレープフルーツ||レモン,1,3,Tier1,Tier1,2,False
statistics_centered,ライム||レモン,4,4,Tier1,Tier1,0,False
statistics_centered,コニャック||バニラ,5,5,Tier1,Tier1,0,False
statistics_centered,オレンジ||グレープフルーツ,10,6,Tier1,Tier1,-4,False
statistics_centered,ミント||ライム,9,7,Tier1,Tier1,-2,False
statistics_centered,ミント||ライチ,13,8,Tier2,Tier2,-5,False
statistics_centered,オレンジ||レモン,11,9,Tier1,Tier1,-2,False
statistics_centered,グアバ||ミント,16,10,Tier2,Tier2,-6,False
statistics_centered,アイス||ミント,6,11,Tier1,Tier1,5,False
statistics_centered,グアバ||グレープフルーツ,17,12,Tier1,Tier1,-5,False
statistics_centered,グアバ||レモン,15,13,Tier1,Tier1,-2,False
statistics_centered,ベリー||レモン,7,14,Tier1,Tier1,7,False
statistics_centered,バニラ||ミルク,8,15,Tier1,Tier1,7,False
statistics_centered,ベリー||ミント,19,16,Tier2,Tier2,-3,False
statistics_centered,ライチ||レモン,18,17,Tier1,Tier1,-1,False
statistics_centered,バニラ||ミント,22,18,Tier2,Tier2,-4,False
statistics_centered,ダブルアップル||リコリス,21,19,Tier2,Tier2,-2,False
statistics_centered,ミルク||メロン,12,20,Tier1,Tier1,8,False
statistics_centered,グレープ||ベリー,14,21,Tier1,Tier1,7,False
statistics_centered,キャラメル||ココナッツ,20,22,Tier1,Tier1,2,False
statistics_centered,オレンジ||グアバ,23,23,Tier2,Tier2,0,False
statistics_centered,ダブルアップル||ミント,24,24,Tier2,Tier2,0,False
statistics_centered,ジャスミン||ミント,26,25,Tier2,Tier2,-1,False
statistics_centered,グレープフルーツ||ライム,27,26,Tier2,Tier2,-1,False
statistics_centered,バナナ||ミルク,28,27,Tier2,Tier2,-1,False
statistics_centered,ガムシナモン||バブルガム,25,28,Tier2,Tier2,3,False
statistics_centered,ツーアップル||リコリス,29,29,Tier2,Tier2,0,False
statistics_centered,カルダモン||レモン,30,30,Tier2,Tier2,0,False
statistics_centered,キャラメル||バニラ,31,31,Tier2,Tier2,0,False
statistics_centered,グアバ||ダブルアップル,32,32,Tier2,Tier2,0,False
statistics_centered,ダブルアップル||ツーアップル,33,33,Tier2,Tier2,0,False
statistics_centered,グアバ||ベリー,36,34,Tier2,Tier2,-2,False
statistics_centered,グアバ||リコリス,34,35,Tier2,Tier2,1,False
statistics_centered,グアバ||ブルーベリー,35,36,Tier2,Tier2,1,False
statistics_centered,グアバ||パイナップル,37,37,Tier2,Tier2,0,False
statistics_centered,グアバ||パッションフルーツ,39,38,Tier2,Tier2,-1,False
statistics_centered,ジャスミン||ダブルアップル,38,39,Tier2,Tier2,1,False
statistics_centered,ゴールデンデリシャスアップル||ダブルアップル,40,40,Tier2,Tier2,0,False
statistics_centered,カルダモン||チェリー,41,41,Tier2,Tier2,0,False
statistics_centered,ハニー||ミルク,43,42,Tier2,Tier2,-1,False
statistics_centered,グレープフルーツ||ライチ,45,43,Tier2,Tier2,-2,False
statistics_centered,キウイ||ピーチ,42,44,Tier2,Tier2,2,False
statistics_centered,ココナッツ||ハニー,44,45,Tier2,Tier2,1,False
statistics_centered,シガー||チョコレート,46,46,Tier2,Tier2,0,False
statistics_centered,オレンジ||ベリー,47,47,Tier2,Tier2,0,False
statistics_centered,ピーチ||マンゴー,48,48,Tier2,Tier2,0,False
statistics_centered,オレンジ||ライチ,51,49,Tier2,Tier2,-2,False
statistics_centered,アイス||オレンジ,50,50,Tier2,Tier2,0,False
statistics_centered,アイス||ライチ,49,51,Tier2,Tier2,2,False
statistics_centered,グレープ||ライム,52,52,Tier2,Tier2,0,False
context_centered,グレープフルーツ||レモン,1,1,Tier1,Tier1,0,False
context_centered,ライム||レモン,4,2,Tier1,Tier1,-2,False
context_centered,ミルク||メロン,12,3,Tier1,Tier1,-9,False
context_centered,アイス||ミント,6,4,Tier1,Tier1,-2,False
context_centered,ベリー||レモン,7,5,Tier1,Tier1,-2,False
context_centered,バニラ||ミルク,8,6,Tier1,Tier1,-2,False
context_centered,グレープ||ベリー,14,7,Tier1,Tier1,-7,False
context_centered,ミント||レモン,3,8,Tier1,Tier1,5,False
context_centered,グレープ||ミント,2,9,Tier1,Tier1,7,False
context_centered,ミント||ライム,9,10,Tier1,Tier1,1,False
context_centered,コニャック||バニラ,5,11,Tier1,Tier1,6,False
context_centered,オレンジ||レモン,11,12,Tier1,Tier1,1,False
context_centered,グアバ||レモン,15,13,Tier1,Tier1,-2,False
context_centered,オレンジ||グレープフルーツ,10,14,Tier1,Tier1,4,False
context_centered,ライチ||レモン,18,15,Tier1,Tier1,-3,False
context_centered,キャラメル||ココナッツ,20,16,Tier1,Tier1,-4,False
context_centered,ミント||ライチ,13,17,Tier2,Tier2,4,False
context_centered,グアバ||ミント,16,18,Tier2,Tier2,2,False
context_centered,ベリー||ミント,19,19,Tier2,Tier2,0,False
context_centered,バニラ||ミント,22,20,Tier2,Tier2,-2,False
context_centered,ダブルアップル||ミント,24,21,Tier2,Tier2,-3,False
context_centered,ダブルアップル||リコリス,21,22,Tier2,Tier2,1,False
context_centered,グアバ||グレープフルーツ,17,23,Tier1,Tier1,6,False
context_centered,オレンジ||グアバ,23,24,Tier2,Tier2,1,False
context_centered,ジャスミン||ミント,26,25,Tier2,Tier2,-1,False
context_centered,グレープフルーツ||ライム,27,26,Tier2,Tier2,-1,False
context_centered,バナナ||ミルク,28,27,Tier2,Tier2,-1,False
context_centered,カルダモン||レモン,30,28,Tier2,Tier2,-2,False
context_centered,キャラメル||バニラ,31,29,Tier2,Tier2,-2,False
context_centered,ガムシナモン||バブルガム,25,30,Tier2,Tier2,5,False
context_centered,グアバ||ダブルアップル,32,31,Tier2,Tier2,-1,False
context_centered,ツーアップル||リコリス,29,32,Tier2,Tier2,3,False
context_centered,グアバ||ベリー,36,33,Tier2,Tier2,-3,False
context_centered,グアバ||リコリス,34,34,Tier2,Tier2,0,False
context_centered,グアバ||パイナップル,37,35,Tier2,Tier2,-2,False
context_centered,グアバ||ブルーベリー,35,36,Tier2,Tier2,1,False
context_centered,グアバ||パッションフルーツ,39,37,Tier2,Tier2,-2,False
context_centered,ダブルアップル||ツーアップル,33,38,Tier2,Tier2,5,False
context_centered,ジャスミン||ダブルアップル,38,39,Tier2,Tier2,1,False
context_centered,ゴールデンデリシャスアップル||ダブルアップル,40,40,Tier2,Tier2,0,False
context_centered,グレープフルーツ||ライチ,45,41,Tier2,Tier2,-4,False
context_centered,ハニー||ミルク,43,42,Tier2,Tier2,-1,False
context_centered,カルダモン||チェリー,41,43,Tier2,Tier2,2,False
context_centered,ココナッツ||ハニー,44,44,Tier2,Tier2,0,False
context_centered,オレンジ||ベリー,47,45,Tier2,Tier2,-2,False
context_centered,キウイ||ピーチ,42,46,Tier2,Tier2,4,False
context_centered,シガー||チョコレート,46,47,Tier2,Tier2,1,False
context_centered,オレンジ||ライチ,51,48,Tier2,Tier2,-3,False
context_centered,アイス||オレンジ,50,49,Tier2,Tier2,-1,False
context_centered,ピーチ||マンゴー,48,50,Tier2,Tier2,2,False
context_centered,グレープ||ライム,52,51,Tier2,Tier2,-1,False
context_centered,アイス||ライチ,49,52,Tier2,Tier2,3,False
