setting,context_mode,tier1_pair_min,tier1_doc_min,k,common_pair_count,jaccard,baseline_only,variant_only
same_sentence_required_pair2_doc1,same_sentence_required,2,1,10,9,0.8181818181818182,オレンジ||グレープフルーツ,ミント||ライチ
same_sentence_required_pair2_doc1,same_sentence_required,2,1,20,17,0.7391304347826086,キャラメル||ココナッツ | グアバ||グレープフルーツ | ライチ||レモン,キャラメル||バニラ | ダブルアップル||リコリス | バニラ||ミント
same_sentence_required_pair2_doc1,same_sentence_required,2,1,50,49,0.9607843137254902,アイス||オレンジ,オレンジ||ライチ
same_sentence_required_pair2_doc2,same_sentence_required,2,2,10,10,1.0,,
same_sentence_required_pair2_doc2,same_sentence_required,2,2,20,20,1.0,,
same_sentence_required_pair2_doc2,same_sentence_required,2,2,50,50,1.0,,
same_sentence_required_pair2_doc3,same_sentence_required,2,3,10,7,0.5384615384615384,アイス||ミント | バニラ||ミルク | ベリー||レモン,オレンジ||レモン | グアバ||ミント | ミント||ライチ
same_sentence_required_pair2_doc3,same_sentence_required,2,3,20,17,0.7391304347826086,キャラメル||ココナッツ | グレープ||ベリー | ミルク||メロン,オレンジ||グアバ | ダブルアップル||リコリス | バニラ||ミント
same_sentence_required_pair2_doc3,same_sentence_required,2,3,50,50,1.0,,
same_sentence_required_pair3_doc1,same_sentence_required,3,1,10,9,0.8181818181818182,オレンジ||グレープフルーツ,ミント||ライチ
same_sentence_required_pair3_doc1,same_sentence_required,3,1,20,19,0.9047619047619048,キャラメル||ココナッツ,ダブルアップル||リコリス
same_sentence_required_pair3_doc1,same_sentence_required,3,1,50,50,1.0,,
same_sentence_required_pair3_doc2,same_sentence_required,3,2,10,10,1.0,,
same_sentence_required_pair3_doc2,same_sentence_required,3,2,20,20,1.0,,
same_sentence_required_pair3_doc2,same_sentence_required,3,2,50,50,1.0,,
same_sentence_required_pair3_doc3,same_sentence_required,3,3,10,7,0.5384615384615384,アイス||ミント | バニラ||ミルク | ベリー||レモン,オレンジ||レモン | グアバ||ミント | ミント||ライチ
same_sentence_required_pair3_doc3,same_sentence_required,3,3,20,17,0.7391304347826086,キャラメル||ココナッツ | グレープ||ベリー | ミルク||メロン,オレンジ||グアバ | ダブルアップル||リコリス | バニラ||ミント
same_sentence_required_pair3_doc3,same_sentence_required,3,3,50,50,1.0,,
same_sentence_required_pair4_doc1,same_sentence_required,4,1,10,7,0.5384615384615384,アイス||ミント | バニラ||ミルク | ベリー||レモン,オレンジ||レモン | グアバ||ミント | ミント||ライチ
same_sentence_required_pair4_doc1,same_sentence_required,4,1,20,17,0.7391304347826086,キャラメル||ココナッツ | グレープ||ベリー | ミルク||メロン,オレンジ||グアバ | ダブルアップル||リコリス | バニラ||ミント
same_sentence_required_pair4_doc1,same_sentence_required,4,1,50,50,1.0,,
same_sentence_required_pair4_doc2,same_sentence_required,4,2,10,7,0.5384615384615384,アイス||ミント | バニラ||ミルク | ベリー||レモン,オレンジ||レモン | グアバ||ミント | ミント||ライチ
same_sentence_required_pair4_doc2,same_sentence_required,4,2,20,17,0.7391304347826086,キャラメル||ココナッツ | グレープ||ベリー | ミルク||メロン,オレンジ||グアバ | ダブルアップル||リコリス | バニラ||ミント
same_sentence_required_pair4_doc2,same_sentence_required,4,2,50,50,1.0,,
same_sentence_required_pair4_doc3,same_sentence_required,4,3,10,7,0.5384615384615384,アイス||ミント | バニラ||ミルク | ベリー||レモン,オレンジ||レモン | グアバ||ミント | ミント||ライチ
same_sentence_required_pair4_doc3,same_sentence_required,4,3,20,17,0.7391304347826086,キャラメル||ココナッツ | グレープ||ベリー | ミルク||メロン,オレンジ||グアバ | ダブルアップル||リコリス | バニラ||ミント
same_sentence_required_pair4_doc3,same_sentence_required,4,3,50,50,1.0,,
same_sentence_required_pair5_doc1,same_sentence_required,5,1,10,7,0.5384615384615384,アイス||ミント | バニラ||ミルク | ベリー||レモン,オレンジ||レモン | グアバ||グレープフルーツ | ミント||ライチ
same_sentence_required_pair5_doc1,same_sentence_required,5,1,20,17,0.7391304347826086,キャラメル||ココナッツ | グレープ||ベリー | ミルク||メロン,オレンジ||グアバ | ダブルアップル||リコリス | バニラ||ミント
same_sentence_required_pair5_doc1,same_sentence_required,5,1,50,50,1.0,,
same_sentence_required_pair5_doc2,same_sentence_required,5,2,10,7,0.5384615384615384,アイス||ミント | バニラ||ミルク | ベリー||レモン,オレンジ||レモン | グアバ||グレープフルーツ | ミント||ライチ
same_sentence_required_pair5_doc2,same_sentence_required,5,2,20,17,0.7391304347826086,キャラメル||ココナッツ | グレープ||ベリー | ミルク||メロン,オレンジ||グアバ | ダブルアップル||リコリス | バニラ||ミント
same_sentence_required_pair5_doc2,same_sentence_required,5,2,50,50,1.0,,
same_sentence_required_pair5_doc3,same_sentence_required,5,3,10,7,0.5384615384615384,アイス||ミント | バニラ||ミルク | ベリー||レモン,オレンジ||レモン | グアバ||グレープフルーツ | ミント||ライチ
same_sentence_required_pair5_doc3,same_sentence_required,5,3,20,17,0.7391304347826086,キャラメル||ココナッツ | グレープ||ベリー | ミルク||メロン,オレンジ||グアバ | ダブルアップル||リコリス | バニラ||ミント
same_sentence_required_pair5_doc3,same_sentence_required,5,3,50,50,1.0,,
same_sentence_preferred_fallback_pair2_doc1,same_sentence_preferred_fallback,2,1,10,7,0.5384615384615384,オレンジ||グレープフルーツ | バニラ||ミルク | ミント||ライム,チョコレート||ミルク | バニラ||レモン | ミント||ライチ
same_sentence_preferred_fallback_pair2_doc1,same_sentence_preferred_fallback,2,1,20,14,0.5384615384615384,キャラメル||ココナッツ | グアバ||グレープフルーツ | グアバ||レモン | グレープ||ベリー | ベリー||ミント | ライチ||レモン,アールグレイ||レモン | キャラメル||バニラ | ココナッツ||バニラ | ザクロ||ミント | チョコレート||ミルク | バニラ||レモン
same_sentence_preferred_fallback_pair2_doc1,same_sentence_preferred_fallback,2,1,50,44,0.7857142857142857,アイス||オレンジ | アイス||ライチ | オレンジ||ベリー | キウイ||ピーチ | グレープフルーツ||ライチ | シガー||チョコレート,アールグレイ||レモン | ココナッツ||バニラ | コニャック||シガー | ザクロ||ミント | チョコレート||ミルク | バニラ||レモン
same_sentence_preferred_fallback_pair2_doc2,same_sentence_preferred_fallback,2,2,10,8,0.6666666666666666,オレンジ||グレープフルーツ | ミント||ライム,チョコレート||ミルク | バニラ||レモン
same_sentence_preferred_fallback_pair2_doc2,same_sentence_preferred_fallback,2,2,20,15,0.6,キャラメル||ココナッツ | グアバ||グレープフルーツ | グアバ||ミント | ベリー||ミント | ライチ||レモン,アールグレイ||レモン | ココナッツ||バニラ | ザクロ||ミント | チョコレート||ミルク | バニラ||レモン
same_sentence_preferred_fallback_pair2_doc2,same_sentence_preferred_fallback,2,2,50,44,0.7857142857142857,アイス||ライチ | オレンジ||ベリー | カルダモン||チェリー | ココナッツ||ハニー | シガー||チョコレート | ハニー||ミルク,アールグレイ||レモン | ココナッツ||バニラ | コニャック||シガー | ザクロ||ミント | チョコレート||ミルク | バニラ||レモン
same_sentence_preferred_fallback_pair2_doc3,same_sentence_preferred_fallback,2,3,10,7,0.5384615384615384,アイス||ミント | バニラ||ミルク | ベリー||レモン,オレンジ||レモン | グアバ||ミント | ミント||ライチ
same_sentence_preferred_fallback_pair2_doc3,same_sentence_preferred_fallback,2,3,20,17,0.7391304347826086,キャラメル||ココナッツ | グレープ||ベリー | ミルク||メロン,ダブルアップル||リコリス | バニラ||ミント | バニラ||レモン
same_sentence_preferred_fallback_pair2_doc3,same_sentence_preferred_fallback,2,3,50,45,0.8181818181818182,アイス||オレンジ | アイス||ライチ | オレンジ||ベリー | シガー||チョコレート | ピーチ||マンゴー,アールグレイ||レモン | ココナッツ||バニラ | ザクロ||ミント | チョコレート||ミルク | バニラ||レモン
same_sentence_preferred_fallback_pair3_doc1,same_sentence_preferred_fallback,3,1,10,9,0.8181818181818182,オレンジ||グレープフルーツ,ミント||ライチ
same_sentence_preferred_fallback_pair3_doc1,same_sentence_preferred_fallback,3,1,20,19,0.9047619047619048,キャラメル||ココナッツ,ダブルアップル||リコリス
same_sentence_preferred_fallback_pair3_doc1,same_sentence_preferred_fallback,3,1,50,45,0.8181818181818182,アイス||オレンジ | アイス||ライチ | オレンジ||ベリー | シガー||チョコレート | ピーチ||マンゴー,アールグレイ||レモン | ココナッツ||バニラ | ザクロ||ミント | チョコレート||ミルク | バニラ||レモン
same_sentence_preferred_fallback_pair3_doc2,same_sentence_preferred_fallback,3,2,10,10,1.0,,
same_sentence_preferred_fallback_pair3_doc2,same_sentence_preferred_fallback,3,2,20,20,1.0,,
same_sentence_preferred_fallback_pair3_doc2,same_sentence_preferred_fallback,3,2,50,45,0.8181818181818182,アイス||オレンジ | アイス||ライチ | オレンジ||ベリー | シガー||チョコレート | ピーチ||マンゴー,アールグレイ||レモン | ココナッツ||バニラ | ザクロ||ミント | チョコレート||ミルク | バニラ||レモン
same_sentence_preferred_fallback_pair3_doc3,same_sentence_preferred_fallback,3,3,10,7,0.5384615384615384,アイス||ミント | バニラ||ミルク | ベリー||レモン,オレンジ||レモン | グアバ||ミント | ミント||ライチ
same_sentence_preferred_fallback_pair3_doc3,same_sentence_preferred_fallback,3,3,20,17,0.7391304347826086,キャラメル||ココナッツ | グレープ||ベリー | ミルク||メロン,ダブルアップル||リコリス | バニラ||ミント | バニラ||レモン
same_sentence_preferred_fallback_pair3_doc3,same_sentence_preferred_fallback,3,3,50,45,0.8181818181818182,アイス||オレンジ | アイス||ライチ | オレンジ||ベリー | シガー||チョコレート | ピーチ||マンゴー,アールグレイ||レモン | ココナッツ||バニラ | ザクロ||ミント | チョコレート||ミルク | バニラ||レモン
same_sentence_preferred_fallback_pair4_doc1,same_sentence_preferred_fallback,4,1,10,7,0.5384615384615384,アイス||ミント | バニラ||ミルク | ベリー||レモン,オレンジ||レモン | グアバ||ミント | ミント||ライチ
same_sentence_preferred_fallback_pair4_doc1,same_sentence_preferred_fallback,4,1,20,17,0.7391304347826086,キャラメル||ココナッツ | グレープ||ベリー | ミルク||メロン,ダブルアップル||リコリス | バニラ||ミント | バニラ||レモン
same_sentence_preferred_fallback_pair4_doc1,same_sentence_preferred_fallback,4,1,50,45,0.8181818181818182,アイス||オレンジ | アイス||ライチ | オレンジ||ベリー | シガー||チョコレート | ピーチ||マンゴー,アールグレイ||レモン | ココナッツ||バニラ | ザクロ||ミント | チョコレート||ミルク | バニラ||レモン
same_sentence_preferred_fallback_pair4_doc2,same_sentence_preferred_fallback,4,2,10,7,0.5384615384615384,アイス||ミント | バニラ||ミルク | ベリー||レモン,オレンジ||レモン | グアバ||ミント | ミント||ライチ
same_sentence_preferred_fallback_pair4_doc2,same_sentence_preferred_fallback,4,2,20,17,0.7391304347826086,キャラメル||ココナッツ | グレープ||ベリー | ミルク||メロン,ダブルアップル||リコリス | バニラ||ミント | バニラ||レモン
same_sentence_preferred_fallback_pair4_doc2,same_sentence_preferred_fallback,4,2,50,45,0.8181818181818182,アイス||オレンジ | アイス||ライチ | オレンジ||ベリー | シガー||チョコレート | ピーチ||マンゴー,アールグレイ||レモン | ココナッツ||バニラ | ザクロ||ミント | チョコレート||ミルク | バニラ||レモン
same_sentence_preferred_fallback_pair4_doc3,same_sentence_preferred_fallback,4,3,10,7,0.5384615384615384,アイス||ミント | バニラ||ミルク | ベリー||レモン,オレンジ||レモン | グアバ||ミント | ミント||ライチ
same_sentence_preferred_fallback_pair4_doc3,same_sentence_preferred_fallback,4,3,20,17,0.7391304347826086,キャラメル||ココナッツ | グレープ||ベリー | ミルク||メロン,ダブルアップル||リコリス | バニラ||ミント | バニラ||レモン
same_sentence_preferred_fallback_pair4_doc3,same_sentence_preferred_fallback,4,3,50,45,0.8181818181818182,アイス||オレンジ | アイス||ライチ | オレンジ||ベリー | シガー||チョコレート | ピーチ||マンゴー,アールグレイ||レモン | ココナッツ||バニラ | ザクロ||ミント | チョコレート||ミルク | バニラ||レモン
same_sentence_preferred_fallback_pair5_doc1,same_sentence_preferred_fallback,5,1,10,7,0.5384615384615384,アイス||ミント | バニラ||ミルク | ベリー||レモン,オレンジ||レモン | グアバ||グレープフルーツ | ミント||ライチ
same_sentence_preferred_fallback_pair5_doc1,same_sentence_preferred_fallback,5,1,20,17,0.7391304347826086,キャラメル||ココナッツ | グレープ||ベリー | ミルク||メロン,ダブルアップル||リコリス | バニラ||ミント | バニラ||レモン
same_sentence_preferred_fallback_pair5_doc1,same_sentence_preferred_fallback,5,1,50,45,0.8181818181818182,アイス||オレンジ | アイス||ライチ | オレンジ||ベリー | シガー||チョコレート | ピーチ||マンゴー,アールグレイ||レモン | ココナッツ||バニラ | ザクロ||ミント | チョコレート||ミルク | バニラ||レモン
same_sentence_preferred_fallback_pair5_doc2,same_sentence_preferred_fallback,5,2,10,7,0.5384615384615384,アイス||ミント | バニラ||ミルク | ベリー||レモン,オレンジ||レモン | グアバ||グレープフルーツ | ミント||ライチ
same_sentence_preferred_fallback_pair5_doc2,same_sentence_preferred_fallback,5,2,20,17,0.7391304347826086,キャラメル||ココナッツ | グレープ||ベリー | ミルク||メロン,ダブルアップル||リコリス | バニラ||ミント | バニラ||レモン
same_sentence_preferred_fallback_pair5_doc2,same_sentence_preferred_fallback,5,2,50,45,0.8181818181818182,アイス||オレンジ | アイス||ライチ | オレンジ||ベリー | シガー||チョコレート | ピーチ||マンゴー,アールグレイ||レモン | ココナッツ||バニラ | ザクロ||ミント | チョコレート||ミルク | バニラ||レモン
same_sentence_preferred_fallback_pair5_doc3,same_sentence_preferred_fallback,5,3,10,7,0.5384615384615384,アイス||ミント | バニラ||ミルク | ベリー||レモン,オレンジ||レモン | グアバ||グレープフルーツ | ミント||ライチ
same_sentence_preferred_fallback_pair5_doc3,same_sentence_preferred_fallback,5,3,20,17,0.7391304347826086,キャラメル||ココナッツ | グレープ||ベリー | ミルク||メロン,ダブルアップル||リコリス | バニラ||ミント | バニラ||レモン
same_sentence_preferred_fallback_pair5_doc3,same_sentence_preferred_fallback,5,3,50,45,0.8181818181818182,アイス||オレンジ | アイス||ライチ | オレンジ||ベリー | シガー||チョコレート | ピーチ||マンゴー,アールグレイ||レモン | ココナッツ||バニラ | ザクロ||ミント | チョコレート||ミルク | バニラ||レモン
document_only_pair2_doc1,document_only,2,1,10,8,0.6666666666666666,アイス||ミント | ベリー||レモン,アールグレイ||バニラ | ベリー||ミント
document_only_pair2_doc1,document_only,2,1,20,16,0.6666666666666666,キャラメル||ココナッツ | グアバ||グレープフルーツ | グアバ||レモン | ライチ||レモン,アールグレイ||コニャック | アールグレイ||バニラ | ガムシナモン||バブルガム | ダブルアップル||リコリス
document_only_pair2_doc1,document_only,2,1,50,37,0.5873015873015873,アイス||オレンジ | アイス||ライチ | オレンジ||ベリー | キウイ||ピーチ | グアバ||ダブルアップル | グアバ||パイナップル | グアバ||パッションフルーツ | グアバ||ブルーベリー | グアバ||ベリー | グアバ||リコリス | グレープフルーツ||ライチ | ココナッツ||ハニー | ジャスミン||ダブルアップル,アールグレイ||コニャック | アールグレイ||バニラ | アールグレイ||レモン | オレンジ||ミント | グレープフルーツ||ミント | ココナッツ||バニラ | コニャック||シガー | ザクロ||ミント | チョコレート||ミルク | チョコレート||ミント | バニラ||レモン | パイナップル||ミント | パッションフルーツ||ミント
document_only_pair2_doc2,document_only,2,2,10,8,0.6666666666666666,アイス||ミント | ベリー||レモン,アールグレイ||バニラ | ベリー||ミント
document_only_pair2_doc2,document_only,2,2,20,16,0.6666666666666666,キャラメル||ココナッツ | グアバ||グレープフルーツ | グアバ||レモン | ライチ||レモン,アールグレイ||コニャック | アールグレイ||バニラ | ガムシナモン||バブルガム | ダブルアップル||リコリス
document_only_pair2_doc2,document_only,2,2,50,37,0.5873015873015873,アイス||オレンジ | アイス||ライチ | オレンジ||ベリー | キウイ||ピーチ | グアバ||ダブルアップル | グアバ||パイナップル | グアバ||パッションフルーツ | グアバ||ブルーベリー | グアバ||ベリー | グアバ||リコリス | グレープフルーツ||ライチ | ココナッツ||ハニー | ジャスミン||ダブルアップル,アールグレイ||コニャック | アールグレイ||バニラ | アールグレイ||レモン | オレンジ||ミント | グレープフルーツ||ミント | ココナッツ||バニラ | コニャック||シガー | ザクロ||ミント | チョコレート||ミルク | チョコレート||ミント | バニラ||レモン | パイナップル||ミント | パッションフルーツ||ミント
document_only_pair2_doc3,document_only,2,3,10,8,0.6666666666666666,アイス||ミント | ベリー||レモン,アールグレイ||バニラ | ベリー||ミント
document_only_pair2_doc3,document_only,2,3,20,17,0.7391304347826086,キャラメル||ココナッツ | グアバ||グレープフルーツ | グアバ||レモン,アールグレイ||コニャック | アールグレイ||バニラ | ダブルアップル||リコリス
document_only_pair2_doc3,document_only,2,3,50,39,0.639344262295082,アイス||オレンジ | アイス||ライチ | オレンジ||ベリー | カルダモン||チェリー | キウイ||ピーチ | グレープフルーツ||ライチ | ココナッツ||ハニー | ゴールデンデリシャスアップル||ダブルアップル | シガー||チョコレート | ハニー||ミルク | ピーチ||マンゴー,アールグレイ||コニャック | アールグレイ||バニラ | アールグレイ||レモン | オレンジ||ミント | グレープフルーツ||ミント | ココナッツ||バニラ | ザクロ||ミント | チョコレート||ミント | バニラ||レモン | パイナップル||ミント | パッションフルーツ||ミント
document_only_pair3_doc1,document_only,3,1,10,8,0.6666666666666666,アイス||ミント | ベリー||レモン,アールグレイ||バニラ | ベリー||ミント
document_only_pair3_doc1,document_only,3,1,20,17,0.7391304347826086,キャラメル||ココナッツ | グアバ||グレープフルーツ | グアバ||レモン,アールグレイ||コニャック | アールグレイ||バニラ | ダブルアップル||リコリス
document_only_pair3_doc1,document_only,3,1,50,39,0.639344262295082,アイス||オレンジ | アイス||ライチ | オレンジ||ベリー | カルダモン||チェリー | キウイ||ピーチ | グレープフルーツ||ライチ | ココナッツ||ハニー | ゴールデンデリシャスアップル||ダブルアップル | シガー||チョコレート | ハニー||ミルク | ピーチ||マンゴー,アールグレイ||コニャック | アールグレイ||バニラ | アールグレイ||レモン | オレンジ||ミント | グレープフルーツ||ミント | ココナッツ||バニラ | ザクロ||ミント | チョコレート||ミント | バニラ||レモン | パイナップル||ミント | パッションフルーツ||ミント
document_only_pair3_doc2,document_only,3,2,10,8,0.6666666666666666,アイス||ミント | ベリー||レモン,アールグレイ||バニラ | ベリー||ミント
document_only_pair3_doc2,document_only,3,2,20,17,0.7391304347826086,キャラメル||ココナッツ | グアバ||グレープフルーツ | グアバ||レモン,アールグレイ||コニャック | アールグレイ||バニラ | ダブルアップル||リコリス
document_only_pair3_doc2,document_only,3,2,50,39,0.639344262295082,アイス||オレンジ | アイス||ライチ | オレンジ||ベリー | カルダモン||チェリー | キウイ||ピーチ | グレープフルーツ||ライチ | ココナッツ||ハニー | ゴールデンデリシャスアップル||ダブルアップル | シガー||チョコレート | ハニー||ミルク | ピーチ||マンゴー,アールグレイ||コニャック | アールグレイ||バニラ | アールグレイ||レモン | オレンジ||ミント | グレープフルーツ||ミント | ココナッツ||バニラ | ザクロ||ミント | チョコレート||ミント | バニラ||レモン | パイナップル||ミント | パッションフルーツ||ミント
document_only_pair3_doc3,document_only,3,3,10,8,0.6666666666666666,アイス||ミント | ベリー||レモン,アールグレイ||バニラ | ベリー||ミント
document_only_pair3_doc3,document_only,3,3,20,17,0.7391304347826086,キャラメル||ココナッツ | グアバ||グレープフルーツ | グアバ||レモン,アールグレイ||コニャック | アールグレイ||バニラ | ダブルアップル||リコリス
document_only_pair3_doc3,document_only,3,3,50,39,0.639344262295082,アイス||オレンジ | アイス||ライチ | オレンジ||ベリー | カルダモン||チェリー | キウイ||ピーチ | グレープフルーツ||ライチ | ココナッツ||ハニー | ゴールデンデリシャスアップル||ダブルアップル | シガー||チョコレート | ハニー||ミルク | ピーチ||マンゴー,アールグレイ||コニャック | アールグレイ||バニラ | アールグレイ||レモン | オレンジ||ミント | グレープフルーツ||ミント | ココナッツ||バニラ | ザクロ||ミント | チョコレート||ミント | バニラ||レモン | パイナップル||ミント | パッションフルーツ||ミント
document_only_pair4_doc1,document_only,4,1,10,7,0.5384615384615384,アイス||ミント | バニラ||ミルク | ベリー||レモン,アールグレイ||コニャック | アールグレイ||バニラ | オレンジ||レモン
document_only_pair4_doc1,document_only,4,1,20,15,0.6,キャラメル||ココナッツ | グレープ||ベリー | バニラ||ミルク | ミルク||メロン | ライチ||レモン,アールグレイ||コニャック | アールグレイ||バニラ | オレンジ||ミント | ダブルアップル||リコリス | バニラ||ミント
document_only_pair4_doc1,document_only,4,1,50,39,0.639344262295082,アイス||オレンジ | アイス||ライチ | オレンジ||ベリー | カルダモン||チェリー | キウイ||ピーチ | グレープフルーツ||ライチ | ココナッツ||ハニー | ゴールデンデリシャスアップル||ダブルアップル | シガー||チョコレート | ハニー||ミルク | ピーチ||マンゴー,アールグレイ||コニャック | アールグレイ||バニラ | アールグレイ||レモン | オレンジ||ミント | グレープフルーツ||ミント | ココナッツ||バニラ | ザクロ||ミント | チョコレート||ミント | バニラ||レモン | パイナップル||ミント | パッションフルーツ||ミント
document_only_pair4_doc2,document_only,4,2,10,7,0.5384615384615384,アイス||ミント | バニラ||ミルク | ベリー||レモン,アールグレイ||コニャック | アールグレイ||バニラ | オレンジ||レモン
document_only_pair4_doc2,document_only,4,2,20,15,0.6,キャラメル||ココナッツ | グレープ||ベリー | バニラ||ミルク | ミルク||メロン | ライチ||レモン,アールグレイ||コニャック | アールグレイ||バニラ | オレンジ||ミント | ダブルアップル||リコリス | バニラ||ミント
document_only_pair4_doc2,document_only,4,2,50,39,0.639344262295082,アイス||オレンジ | アイス||ライチ | オレンジ||ベリー | カルダモン||チェリー | キウイ||ピーチ | グレープフルーツ||ライチ | ココナッツ||ハニー | ゴールデンデリシャスアップル||ダブルアップル | シガー||チョコレート | ハニー||ミルク | ピーチ||マンゴー,アールグレイ||コニャック | アールグレイ||バニラ | アールグレイ||レモン | オレンジ||ミント | グレープフルーツ||ミント | ココナッツ||バニラ | ザクロ||ミント | チョコレート||ミント | バニラ||レモン | パイナップル||ミント | パッションフルーツ||ミント
document_only_pair4_doc3,document_only,4,3,10,7,0.5384615384615384,アイス||ミント | バニラ||ミルク | ベリー||レモン,アールグレイ||コニャック | アールグレイ||バニラ | オレンジ||レモン
document_only_pair4_doc3,document_only,4,3,20,15,0.6,キャラメル||ココナッツ | グレープ||ベリー | バニラ||ミルク | ミルク||メロン | ライチ||レモン,アールグレイ||コニャック | アールグレイ||バニラ | オレンジ||ミント | ダブルアップル||リコリス | バニラ||ミント
document_only_pair4_doc3,document_only,4,3,50,39,0.639344262295082,アイス||オレンジ | アイス||ライチ | オレンジ||ベリー | カルダモン||チェリー | キウイ||ピーチ | グレープフルーツ||ライチ | ココナッツ||ハニー | ゴールデンデリシャスアップル||ダブルアップル | シガー||チョコレート | ハニー||ミルク | ピーチ||マンゴー,アールグレイ||コニャック | アールグレイ||バニラ | アールグレイ||レモン | オレンジ||ミント | グレープフルーツ||ミント | ココナッツ||バニラ | ザクロ||ミント | チョコレート||ミント | バニラ||レモン | パイナップル||ミント | パッションフルーツ||ミント
document_only_pair5_doc1,document_only,5,1,10,7,0.5384615384615384,アイス||ミント | バニラ||ミルク | ベリー||レモン,アールグレイ||コニャック | アールグレイ||バニラ | ミント||ライチ
document_only_pair5_doc1,document_only,5,1,20,15,0.6,キャラメル||ココナッツ | グレープ||ベリー | バニラ||ミルク | ミルク||メロン | ライチ||レモン,アールグレイ||コニャック | アールグレイ||バニラ | オレンジ||ミント | ダブルアップル||リコリス | バニラ||ミント
document_only_pair5_doc1,document_only,5,1,50,39,0.639344262295082,アイス||オレンジ | アイス||ライチ | オレンジ||ベリー | カルダモン||チェリー | キウイ||ピーチ | グレープフルーツ||ライチ | ココナッツ||ハニー | ゴールデンデリシャスアップル||ダブルアップル | シガー||チョコレート | ハニー||ミルク | ピーチ||マンゴー,アールグレイ||コニャック | アールグレイ||バニラ | アールグレイ||レモン | オレンジ||ミント | グレープフルーツ||ミント | ココナッツ||バニラ | ザクロ||ミント | チョコレート||ミント | バニラ||レモン | パイナップル||ミント | パッションフルーツ||ミント
document_only_pair5_doc2,document_only,5,2,10,7,0.5384615384615384,アイス||ミント | バニラ||ミルク | ベリー||レモン,アールグレイ||コニャック | アールグレイ||バニラ | ミント||ライチ
document_only_pair5_doc2,document_only,5,2,20,15,0.6,キャラメル||ココナッツ | グレープ||ベリー | バニラ||ミルク | ミルク||メロン | ライチ||レモン,アールグレイ||コニャック | アールグレイ||バニラ | オレンジ||ミント | ダブルアップル||リコリス | バニラ||ミント
document_only_pair5_doc2,document_only,5,2,50,39,0.639344262295082,アイス||オレンジ | アイス||ライチ | オレンジ||ベリー | カルダモン||チェリー | キウイ||ピーチ | グレープフルーツ||ライチ | ココナッツ||ハニー | ゴールデンデリシャスアップル||ダブルアップル | シガー||チョコレート | ハニー||ミルク | ピーチ||マンゴー,アールグレイ||コニャック | アールグレイ||バニラ | アールグレイ||レモン | オレンジ||ミント | グレープフルーツ||ミント | ココナッツ||バニラ | ザクロ||ミント | チョコレート||ミント | バニラ||レモン | パイナップル||ミント | パッションフルーツ||ミント
document_only_pair5_doc3,document_only,5,3,10,7,0.5384615384615384,アイス||ミント | バニラ||ミルク | ベリー||レモン,アールグレイ||コニャック | アールグレイ||バニラ | ミント||ライチ
document_only_pair5_doc3,document_only,5,3,20,15,0.6,キャラメル||ココナッツ | グレープ||ベリー | バニラ||ミルク | ミルク||メロン | ライチ||レモン,アールグレイ||コニャック | アールグレイ||バニラ | オレンジ||ミント | ダブルアップル||リコリス | バニラ||ミント
document_only_pair5_doc3,document_only,5,3,50,39,0.639344262295082,アイス||オレンジ | アイス||ライチ | オレンジ||ベリー | カルダモン||チェリー | キウイ||ピーチ | グレープフルーツ||ライチ | ココナッツ||ハニー | ゴールデンデリシャスアップル||ダブルアップル | シガー||チョコレート | ハニー||ミルク | ピーチ||マンゴー,アールグレイ||コニャック | アールグレイ||バニラ | アールグレイ||レモン | オレンジ||ミント | グレープフルーツ||ミント | ココナッツ||バニラ | ザクロ||ミント | チョコレート||ミント | バニラ||レモン | パイナップル||ミント | パッションフルーツ||ミント
