mix_pair_key,flavor_a,flavor_b,lagos_article_count,lagos_row_count,lagos_article_urls,target_flavor,recommended_flavor,directed_pair,source_text
オレンジ||グレープフルーツ,オレンジ,グレープフルーツ,2,2,https://shisha-lagos.com/af-grapefruit-review/ | https://shisha-lagos.com/af-orange-review/,オレンジ | グレープフルーツ,オレンジ | グレープフルーツ,オレンジ -> グレープフルーツ | グレープフルーツ -> オレンジ,レモン/オレンジ グアバ/グレープ グレナデン/ピーチ パッションフルーツ || レモン/ライム グレープフルーツ パッションフルーツ グアバ/マンゴー ピーチ/グレナデン パイン/りんご メロン
オレンジ||バニラ,オレンジ,バニラ,2,2,https://shisha-lagos.com/af-orange-review/ | https://shisha-lagos.com/af-vanilla-review/,オレンジ | バニラ,オレンジ | バニラ,オレンジ -> バニラ | バニラ -> オレンジ,ストロベリー/バナナ ピーチ/マンゴー ブルーベリー/ライチ 洋ナシ/ラズベリー メロン/すいか ココナッツ/オレンジ || バニラ/ミルク チョコレート
オレンジ||ピーチ,オレンジ,ピーチ,2,2,https://shisha-lagos.com/af-orange-review/ | https://shisha-lagos.com/af-peach-review/,オレンジ | ピーチ,オレンジ | ピーチ,オレンジ -> ピーチ | ピーチ -> オレンジ,マンゴー/ココナッツ オレンジ/バナナ/ グアバ/ライチ グレナデン/レモン パッションフルーツ || レモン/ライム グレープフルーツ パッションフルーツ グアバ/マンゴー ピーチ/グレナデン パイン/りんご メロン
オレンジ||マンゴー,オレンジ,マンゴー,2,2,https://shisha-lagos.com/af-mango-review/ | https://shisha-lagos.com/af-orange-review/,オレンジ | マンゴー,オレンジ | マンゴー,オレンジ -> マンゴー | マンゴー -> オレンジ,ピーチ/グアバ レモン/オレンジ ゆず/グレープ パッションフルーツ パイン/ココナッツ || レモン/ライム グレープフルーツ パッションフルーツ グアバ/マンゴー ピーチ/グレナデン パイン/りんご メロン
オレンジ||メロン,オレンジ,メロン,2,2,https://shisha-lagos.com/af-melon-review/ | https://shisha-lagos.com/af-orange-review/,オレンジ | メロン,オレンジ | メロン,オレンジ -> メロン | メロン -> オレンジ,スイカ/グアバ オレンジ/レモン ピーチ/ココナッツ ライチ/マンゴー || レモン/ライム グレープフルーツ パッションフルーツ グアバ/マンゴー ピーチ/グレナデン パイン/りんご メロン
ココナッツ||ストロベリー,ココナッツ,ストロベリー,2,2,https://shisha-lagos.com/af-coconut-review/ | https://shisha-lagos.com/af-strawberry-review/,ココナッツ | ストロベリー,ココナッツ | ストロベリー,ココナッツ -> ストロベリー | ストロベリー -> ココナッツ,ピーチ/マンゴー パイン/ライチ ストロベリー/レモン ブルーベリー/メロン ライム || ブルーベリー/ラズベリー ココナッツ/グレナデン ライチ(Afzal)
ココナッツ||バニラ,ココナッツ,バニラ,2,2,https://shisha-lagos.com/af-coconut-review/ | https://shisha-lagos.com/af-vanilla-review/,ココナッツ | バニラ,ココナッツ | バニラ,ココナッツ -> バニラ | バニラ -> ココナッツ,ストロベリー/バナナ ピーチ/マンゴー ブルーベリー/ライチ 洋ナシ/ラズベリー メロン/すいか ココナッツ/オレンジ || バニラ/ミルク キャラメル/コーヒー チョコレート
ココナッツ||ピーチ,ココナッツ,ピーチ,2,2,https://shisha-lagos.com/af-coconut-review/ | https://shisha-lagos.com/af-peach-review/,ココナッツ | ピーチ,ココナッツ | ピーチ,ココナッツ -> ピーチ | ピーチ -> ココナッツ,ピーチ/マンゴー パイン/ライチ ストロベリー/レモン ブルーベリー/メロン ライム || マンゴー/ココナッツ オレンジ/バナナ/ グアバ/ライチ グレナデン/レモン パッションフルーツ
ココナッツ||ブルーベリー,ココナッツ,ブルーベリー,2,2,https://shisha-lagos.com/af-blueberry-review/ | https://shisha-lagos.com/af-coconut-review/,ココナッツ | ブルーベリー,ココナッツ | ブルーベリー,ココナッツ -> ブルーベリー | ブルーベリー -> ココナッツ,ストロベリー/ザクロ ライチ パッションフルーツ ラズベリー/グアバ レモン/ココナッツ グレープ || ピーチ/マンゴー パイン/ライチ ストロベリー/レモン ブルーベリー/メロン ライム
ココナッツ||マンゴー,ココナッツ,マンゴー,2,2,https://shisha-lagos.com/af-coconut-review/ | https://shisha-lagos.com/af-mango-review/,ココナッツ | マンゴー,ココナッツ | マンゴー,ココナッツ -> マンゴー | マンゴー -> ココナッツ,ピーチ/グアバ レモン/オレンジ ゆず/グレープ パッションフルーツ パイン/ココナッツ || ピーチ/マンゴー パイン/ライチ ストロベリー/レモン ブルーベリー/メロン ライム
ココナッツ||メロン,ココナッツ,メロン,2,2,https://shisha-lagos.com/af-coconut-review/ | https://shisha-lagos.com/af-melon-review/,ココナッツ | メロン,ココナッツ | メロン,ココナッツ -> メロン | メロン -> ココナッツ,スイカ/グアバ オレンジ/レモン ピーチ/ココナッツ ライチ/マンゴー || ピーチ/マンゴー パイン/ライチ ストロベリー/レモン ブルーベリー/メロン ライム
ストロベリー||バニラ,ストロベリー,バニラ,2,2,https://shisha-lagos.com/af-strawberry-review/ | https://shisha-lagos.com/af-vanilla-review/,ストロベリー | バニラ,ストロベリー | バニラ,ストロベリー -> バニラ | バニラ -> ストロベリー,ストロベリー/バナナ ピーチ/マンゴー ブルーベリー/ライチ 洋ナシ/ラズベリー メロン/すいか ココナッツ/オレンジ || バニラ/ミルク チョコレート
ストロベリー||ブルーベリー,ストロベリー,ブルーベリー,2,2,https://shisha-lagos.com/af-blueberry-review/ | https://shisha-lagos.com/af-strawberry-review/,ストロベリー | ブルーベリー,ストロベリー | ブルーベリー,ストロベリー -> ブルーベリー | ブルーベリー -> ストロベリー,ストロベリー/ザクロ ライチ パッションフルーツ ラズベリー/グアバ レモン/ココナッツ グレープ || ブルーベリー/ラズベリー ココナッツ/グレナデン ライチ(Afzal)
バニラ||ピーチ,バニラ,ピーチ,2,2,https://shisha-lagos.com/af-peach-review/ | https://shisha-lagos.com/af-vanilla-review/,バニラ | ピーチ,バニラ | ピーチ,バニラ -> ピーチ | ピーチ -> バニラ,ストロベリー/バナナ ピーチ/マンゴー ブルーベリー/ライチ 洋ナシ/ラズベリー メロン/すいか ココナッツ/オレンジ || バニラ/ミルク ハニー/ミルクティー
バニラ||ブルーベリー,バニラ,ブルーベリー,2,2,https://shisha-lagos.com/af-blueberry-review/ | https://shisha-lagos.com/af-vanilla-review/,バニラ | ブルーベリー,バニラ | ブルーベリー,バニラ -> ブルーベリー | ブルーベリー -> バニラ,ストロベリー/バナナ ピーチ/マンゴー ブルーベリー/ライチ 洋ナシ/ラズベリー メロン/すいか ココナッツ/オレンジ || バニラ/ミルク キャラメル
バニラ||マンゴー,バニラ,マンゴー,2,2,https://shisha-lagos.com/af-mango-review/ | https://shisha-lagos.com/af-vanilla-review/,バニラ | マンゴー,バニラ | マンゴー,バニラ -> マンゴー | マンゴー -> バニラ,ストロベリー/バナナ ピーチ/マンゴー ブルーベリー/ライチ 洋ナシ/ラズベリー メロン/すいか ココナッツ/オレンジ || バニラ/ミルク
バニラ||メロン,バニラ,メロン,2,2,https://shisha-lagos.com/af-melon-review/ | https://shisha-lagos.com/af-vanilla-review/,バニラ | メロン,バニラ | メロン,バニラ -> メロン | メロン -> バニラ,ストロベリー/バナナ ピーチ/マンゴー ブルーベリー/ライチ 洋ナシ/ラズベリー メロン/すいか ココナッツ/オレンジ || バニラ/ミルク キャラメル
ピーチ||マンゴー,ピーチ,マンゴー,2,2,https://shisha-lagos.com/af-mango-review/ | https://shisha-lagos.com/af-peach-review/,ピーチ | マンゴー,ピーチ | マンゴー,ピーチ -> マンゴー | マンゴー -> ピーチ,ピーチ/グアバ レモン/オレンジ ゆず/グレープ パッションフルーツ パイン/ココナッツ || マンゴー/ココナッツ オレンジ/バナナ/ グアバ/ライチ グレナデン/レモン パッションフルーツ
アールグレイ||オレンジ,アールグレイ,オレンジ,1,1,https://shisha-lagos.com/af-orange-review/,オレンジ,アールグレイ,オレンジ -> アールグレイ,カルダモン シナモン ジンジャーエール アールグレイ ジャスミン
アールグレイ||ココナッツ,アールグレイ,ココナッツ,1,1,https://shisha-lagos.com/af-coconut-review/,ココナッツ,アールグレイ,ココナッツ -> アールグレイ,カルダモン ジンジャーエール アールグレイ シナモン
アールグレイ||バニラ,アールグレイ,バニラ,1,1,https://shisha-lagos.com/af-vanilla-review/,バニラ,アールグレイ,バニラ -> アールグレイ,チャイ/シナモン カルダモン アールグレイ ローズ
アールグレイ||ピーチ,アールグレイ,ピーチ,1,1,https://shisha-lagos.com/af-peach-review/,ピーチ,アールグレイ,ピーチ -> アールグレイ,カルダモン/ジャスミン アールグレイ/ローズ
アールグレイ||マンゴー,アールグレイ,マンゴー,1,1,https://shisha-lagos.com/af-mango-review/,マンゴー,アールグレイ,マンゴー -> アールグレイ,ジンジャーエール カルダモン アールグレイ
アールグレイ||ミント,アールグレイ,ミント,1,1,https://shisha-lagos.com/af-mint-review/,ミント,アールグレイ,ミント -> アールグレイ,シナモン アールグレイ カルダモン ローズ ジャスミン
オレンジ||カルダモン,オレンジ,カルダモン,1,1,https://shisha-lagos.com/af-orange-review/,オレンジ,カルダモン,オレンジ -> カルダモン,カルダモン シナモン ジンジャーエール アールグレイ ジャスミン
オレンジ||グアバ,オレンジ,グアバ,1,1,https://shisha-lagos.com/af-orange-review/,オレンジ,グアバ,オレンジ -> グアバ,レモン/ライム グレープフルーツ パッションフルーツ グアバ/マンゴー ピーチ/グレナデン パイン/りんご メロン
オレンジ||シナモン,オレンジ,シナモン,1,1,https://shisha-lagos.com/af-orange-review/,オレンジ,シナモン,オレンジ -> シナモン,カルダモン シナモン ジンジャーエール アールグレイ ジャスミン
オレンジ||ジャスミン,オレンジ,ジャスミン,1,1,https://shisha-lagos.com/af-orange-review/,オレンジ,ジャスミン,オレンジ -> ジャスミン,カルダモン シナモン ジンジャーエール アールグレイ ジャスミン
オレンジ||ジンジャーエール,オレンジ,ジンジャーエール,1,1,https://shisha-lagos.com/af-orange-review/,オレンジ,ジンジャーエール,オレンジ -> ジンジャーエール,カルダモン シナモン ジンジャーエール アールグレイ ジャスミン
オレンジ||チョコレート,オレンジ,チョコレート,1,1,https://shisha-lagos.com/af-orange-review/,オレンジ,チョコレート,オレンジ -> チョコレート,バニラ/ミルク チョコレート
オレンジ||パッションフルーツ,オレンジ,パッションフルーツ,1,1,https://shisha-lagos.com/af-orange-review/,オレンジ,パッションフルーツ,オレンジ -> パッションフルーツ,レモン/ライム グレープフルーツ パッションフルーツ グアバ/マンゴー ピーチ/グレナデン パイン/りんご メロン
オレンジ||ミルク,オレンジ,ミルク,1,1,https://shisha-lagos.com/af-orange-review/,オレンジ,ミルク,オレンジ -> ミルク,バニラ/ミルク チョコレート
オレンジ||ミント,オレンジ,ミント,1,1,https://shisha-lagos.com/af-mint-review/,ミント,オレンジ,ミント -> オレンジ,レモン/ライム/オレンジ グレープフルーツ/ゆず グアバ/マンゴー/ピーチ ブルーベリー/ラズベリー ライチ/キウイ/プラム パッションフルーツ パイン
オレンジ||ライム,オレンジ,ライム,1,1,https://shisha-lagos.com/af-orange-review/,オレンジ,ライム,オレンジ -> ライム,レモン/ライム グレープフルーツ パッションフルーツ グアバ/マンゴー ピーチ/グレナデン パイン/りんご メロン
オレンジ||レモン,オレンジ,レモン,1,1,https://shisha-lagos.com/af-orange-review/,オレンジ,レモン,オレンジ -> レモン,レモン/ライム グレープフルーツ パッションフルーツ グアバ/マンゴー ピーチ/グレナデン パイン/りんご メロン
カルダモン||キウイ,カルダモン,キウイ,1,1,https://shisha-lagos.com/af-kiwi-review/,キウイ,カルダモン,キウイ -> カルダモン,ジンジャーエール レモングラス カルダモン
カルダモン||グレープフルーツ,カルダモン,グレープフルーツ,1,1,https://shisha-lagos.com/af-grapefruit-review/,グレープフルーツ,カルダモン,グレープフルーツ -> カルダモン,ジャスミン カルダモン ツーアップル
カルダモン||ココナッツ,カルダモン,ココナッツ,1,1,https://shisha-lagos.com/af-coconut-review/,ココナッツ,カルダモン,ココナッツ -> カルダモン,カルダモン ジンジャーエール アールグレイ シナモン
カルダモン||バニラ,カルダモン,バニラ,1,1,https://shisha-lagos.com/af-vanilla-review/,バニラ,カルダモン,バニラ -> カルダモン,チャイ/シナモン カルダモン アールグレイ ローズ
カルダモン||ピーチ,カルダモン,ピーチ,1,1,https://shisha-lagos.com/af-peach-review/,ピーチ,カルダモン,ピーチ -> カルダモン,カルダモン/ジャスミン アールグレイ/ローズ
カルダモン||ブルーベリー,カルダモン,ブルーベリー,1,1,https://shisha-lagos.com/af-blueberry-review/,ブルーベリー,カルダモン,ブルーベリー -> カルダモン,シナモン/カルダモン ジャスミン/ローズ
カルダモン||マンゴー,カルダモン,マンゴー,1,1,https://shisha-lagos.com/af-mango-review/,マンゴー,カルダモン,マンゴー -> カルダモン,ジンジャーエール カルダモン アールグレイ
カルダモン||ミント,カルダモン,ミント,1,1,https://shisha-lagos.com/af-mint-review/,ミント,カルダモン,ミント -> カルダモン,シナモン アールグレイ カルダモン ローズ ジャスミン
カルダモン||メロン,カルダモン,メロン,1,1,https://shisha-lagos.com/af-melon-review/,メロン,カルダモン,メロン -> カルダモン,カルダモン シナモン ローズ
キウイ||グアバ,キウイ,グアバ,1,1,https://shisha-lagos.com/af-kiwi-review/,キウイ,グアバ,キウイ -> グアバ,レモン/ライム グレナデン/グレープ パッションフルーツ グアバ
キウイ||グレープ,キウイ,グレープ,1,1,https://shisha-lagos.com/af-kiwi-review/,キウイ,グレープ,キウイ -> グレープ,レモン/ライム グレナデン/グレープ パッションフルーツ グアバ
キウイ||ジンジャーエール,キウイ,ジンジャーエール,1,1,https://shisha-lagos.com/af-kiwi-review/,キウイ,ジンジャーエール,キウイ -> ジンジャーエール,ジンジャーエール レモングラス カルダモン
キウイ||パッションフルーツ,キウイ,パッションフルーツ,1,1,https://shisha-lagos.com/af-kiwi-review/,キウイ,パッションフルーツ,キウイ -> パッションフルーツ,レモン/ライム グレナデン/グレープ パッションフルーツ グアバ
キウイ||ミント,キウイ,ミント,1,1,https://shisha-lagos.com/af-mint-review/,ミント,キウイ,ミント -> キウイ,レモン/ライム/オレンジ グレープフルーツ/ゆず グアバ/マンゴー/ピーチ ブルーベリー/ラズベリー ライチ/キウイ/プラム パッションフルーツ パイン
キウイ||ライム,キウイ,ライム,1,1,https://shisha-lagos.com/af-kiwi-review/,キウイ,ライム,キウイ -> ライム,レモン/ライム グレナデン/グレープ パッションフルーツ グアバ
キウイ||レモン,キウイ,レモン,1,1,https://shisha-lagos.com/af-kiwi-review/,キウイ,レモン,キウイ -> レモン,レモン/ライム グレナデン/グレープ パッションフルーツ グアバ
キウイ||レモングラス,キウイ,レモングラス,1,1,https://shisha-lagos.com/af-kiwi-review/,キウイ,レモングラス,キウイ -> レモングラス,ジンジャーエール レモングラス カルダモン
キャラメル||ココナッツ,キャラメル,ココナッツ,1,1,https://shisha-lagos.com/af-coconut-review/,ココナッツ,キャラメル,ココナッツ -> キャラメル,バニラ/ミルク キャラメル/コーヒー チョコレート
キャラメル||バニラ,キャラメル,バニラ,1,1,https://shisha-lagos.com/af-vanilla-review/,バニラ,キャラメル,バニラ -> キャラメル,ミルク/コーヒー キャラメル ミルクティ
キャラメル||ブルーベリー,キャラメル,ブルーベリー,1,1,https://shisha-lagos.com/af-blueberry-review/,ブルーベリー,キャラメル,ブルーベリー -> キャラメル,バニラ/ミルク キャラメル
キャラメル||メロン,キャラメル,メロン,1,1,https://shisha-lagos.com/af-melon-review/,メロン,キャラメル,メロン -> キャラメル,バニラ/ミルク キャラメル
グアバ||グレープフルーツ,グアバ,グレープフルーツ,1,1,https://shisha-lagos.com/af-grapefruit-review/,グレープフルーツ,グアバ,グレープフルーツ -> グアバ,レモン/オレンジ グアバ/グレープ グレナデン/ピーチ パッションフルーツ
グアバ||ピーチ,グアバ,ピーチ,1,1,https://shisha-lagos.com/af-peach-review/,ピーチ,グアバ,ピーチ -> グアバ,マンゴー/ココナッツ オレンジ/バナナ/ グアバ/ライチ グレナデン/レモン パッションフルーツ
グアバ||ブルーベリー,グアバ,ブルーベリー,1,1,https://shisha-lagos.com/af-blueberry-review/,ブルーベリー,グアバ,ブルーベリー -> グアバ,ストロベリー/ザクロ ライチ パッションフルーツ ラズベリー/グアバ レモン/ココナッツ グレープ
グアバ||マンゴー,グアバ,マンゴー,1,1,https://shisha-lagos.com/af-mango-review/,マンゴー,グアバ,マンゴー -> グアバ,ピーチ/グアバ レモン/オレンジ ゆず/グレープ パッションフルーツ パイン/ココナッツ
グアバ||ミント,グアバ,ミント,1,1,https://shisha-lagos.com/af-mint-review/,ミント,グアバ,ミント -> グアバ,レモン/ライム/オレンジ グレープフルーツ/ゆず グアバ/マンゴー/ピーチ ブルーベリー/ラズベリー ライチ/キウイ/プラム パッションフルーツ パイン
グアバ||メロン,グアバ,メロン,1,1,https://shisha-lagos.com/af-melon-review/,メロン,グアバ,メロン -> グアバ,スイカ/グアバ オレンジ/レモン ピーチ/ココナッツ ライチ/マンゴー
グレープ||ブルーベリー,グレープ,ブルーベリー,1,1,https://shisha-lagos.com/af-blueberry-review/,ブルーベリー,グレープ,ブルーベリー -> グレープ,ストロベリー/ザクロ ライチ パッションフルーツ ラズベリー/グアバ レモン/ココナッツ グレープ
グレープ||マンゴー,グレープ,マンゴー,1,1,https://shisha-lagos.com/af-mango-review/,マンゴー,グレープ,マンゴー -> グレープ,ピーチ/グアバ レモン/オレンジ ゆず/グレープ パッションフルーツ パイン/ココナッツ
グレープフルーツ||ジャスミン,グレープフルーツ,ジャスミン,1,1,https://shisha-lagos.com/af-grapefruit-review/,グレープフルーツ,ジャスミン,グレープフルーツ -> ジャスミン,ジャスミン カルダモン ツーアップル
グレープフルーツ||ツーアップル,グレープフルーツ,ツーアップル,1,1,https://shisha-lagos.com/af-grapefruit-review/,グレープフルーツ,ツーアップル,グレープフルーツ -> ツーアップル,ジャスミン カルダモン ツーアップル
グレープフルーツ||ハニー,グレープフルーツ,ハニー,1,1,https://shisha-lagos.com/af-grapefruit-review/,グレープフルーツ,ハニー,グレープフルーツ -> ハニー,ハニー
グレープフルーツ||パッションフルーツ,グレープフルーツ,パッションフルーツ,1,1,https://shisha-lagos.com/af-grapefruit-review/,グレープフルーツ,パッションフルーツ,グレープフルーツ -> パッションフルーツ,レモン/オレンジ グアバ/グレープ グレナデン/ピーチ パッションフルーツ
グレープフルーツ||ピーチ,グレープフルーツ,ピーチ,1,1,https://shisha-lagos.com/af-grapefruit-review/,グレープフルーツ,ピーチ,グレープフルーツ -> ピーチ,レモン/オレンジ グアバ/グレープ グレナデン/ピーチ パッションフルーツ
グレープフルーツ||ミント,グレープフルーツ,ミント,1,1,https://shisha-lagos.com/af-mint-review/,ミント,グレープフルーツ,ミント -> グレープフルーツ,レモン/ライム/オレンジ グレープフルーツ/ゆず グアバ/マンゴー/ピーチ ブルーベリー/ラズベリー ライチ/キウイ/プラム パッションフルーツ パイン
グレープフルーツ||レモン,グレープフルーツ,レモン,1,1,https://shisha-lagos.com/af-grapefruit-review/,グレープフルーツ,レモン,グレープフルーツ -> レモン,レモン/オレンジ グアバ/グレープ グレナデン/ピーチ パッションフルーツ
ココナッツ||シナモン,ココナッツ,シナモン,1,1,https://shisha-lagos.com/af-coconut-review/,ココナッツ,シナモン,ココナッツ -> シナモン,カルダモン ジンジャーエール アールグレイ シナモン
ココナッツ||ジンジャーエール,ココナッツ,ジンジャーエール,1,1,https://shisha-lagos.com/af-coconut-review/,ココナッツ,ジンジャーエール,ココナッツ -> ジンジャーエール,カルダモン ジンジャーエール アールグレイ シナモン
ココナッツ||チョコレート,ココナッツ,チョコレート,1,1,https://shisha-lagos.com/af-coconut-review/,ココナッツ,チョコレート,ココナッツ -> チョコレート,バニラ/ミルク キャラメル/コーヒー チョコレート
ココナッツ||ミルク,ココナッツ,ミルク,1,1,https://shisha-lagos.com/af-coconut-review/,ココナッツ,ミルク,ココナッツ -> ミルク,バニラ/ミルク キャラメル/コーヒー チョコレート
ココナッツ||ライチ,ココナッツ,ライチ,1,1,https://shisha-lagos.com/af-coconut-review/,ココナッツ,ライチ,ココナッツ -> ライチ,ピーチ/マンゴー パイン/ライチ ストロベリー/レモン ブルーベリー/メロン ライム
ココナッツ||ライム,ココナッツ,ライム,1,1,https://shisha-lagos.com/af-coconut-review/,ココナッツ,ライム,ココナッツ -> ライム,ピーチ/マンゴー パイン/ライチ ストロベリー/レモン ブルーベリー/メロン ライム
ココナッツ||レモン,ココナッツ,レモン,1,1,https://shisha-lagos.com/af-coconut-review/,ココナッツ,レモン,ココナッツ -> レモン,ピーチ/マンゴー パイン/ライチ ストロベリー/レモン ブルーベリー/メロン ライム
ザクロ||ブルーベリー,ザクロ,ブルーベリー,1,1,https://shisha-lagos.com/af-blueberry-review/,ブルーベリー,ザクロ,ブルーベリー -> ザクロ,ストロベリー/ザクロ ライチ パッションフルーツ ラズベリー/グアバ レモン/ココナッツ グレープ
シナモン||ストロベリー,シナモン,ストロベリー,1,1,https://shisha-lagos.com/af-strawberry-review/,ストロベリー,シナモン,ストロベリー -> シナモン,シナモン/ローズ
シナモン||バニラ,シナモン,バニラ,1,1,https://shisha-lagos.com/af-vanilla-review/,バニラ,シナモン,バニラ -> シナモン,チャイ/シナモン カルダモン アールグレイ ローズ
シナモン||ブルーベリー,シナモン,ブルーベリー,1,1,https://shisha-lagos.com/af-blueberry-review/,ブルーベリー,シナモン,ブルーベリー -> シナモン,シナモン/カルダモン ジャスミン/ローズ
シナモン||ミント,シナモン,ミント,1,1,https://shisha-lagos.com/af-mint-review/,ミント,シナモン,ミント -> シナモン,シナモン アールグレイ カルダモン ローズ ジャスミン
シナモン||メロン,シナモン,メロン,1,1,https://shisha-lagos.com/af-melon-review/,メロン,シナモン,メロン -> シナモン,カルダモン シナモン ローズ
ジャスミン||ピーチ,ジャスミン,ピーチ,1,1,https://shisha-lagos.com/af-peach-review/,ピーチ,ジャスミン,ピーチ -> ジャスミン,カルダモン/ジャスミン アールグレイ/ローズ
ジャスミン||ブルーベリー,ジャスミン,ブルーベリー,1,1,https://shisha-lagos.com/af-blueberry-review/,ブルーベリー,ジャスミン,ブルーベリー -> ジャスミン,シナモン/カルダモン ジャスミン/ローズ
ジャスミン||ミント,ジャスミン,ミント,1,1,https://shisha-lagos.com/af-mint-review/,ミント,ジャスミン,ミント -> ジャスミン,シナモン アールグレイ カルダモン ローズ ジャスミン
ジンジャーエール||マンゴー,ジンジャーエール,マンゴー,1,1,https://shisha-lagos.com/af-mango-review/,マンゴー,ジンジャーエール,マンゴー -> ジンジャーエール,ジンジャーエール カルダモン アールグレイ
ストロベリー||チョコレート,ストロベリー,チョコレート,1,1,https://shisha-lagos.com/af-strawberry-review/,ストロベリー,チョコレート,ストロベリー -> チョコレート,バニラ/ミルク チョコレート
ストロベリー||ミルク,ストロベリー,ミルク,1,1,https://shisha-lagos.com/af-strawberry-review/,ストロベリー,ミルク,ストロベリー -> ミルク,バニラ/ミルク チョコレート
ストロベリー||ライチ,ストロベリー,ライチ,1,1,https://shisha-lagos.com/af-strawberry-review/,ストロベリー,ライチ(Afzal),ストロベリー -> ライチ,ブルーベリー/ラズベリー ココナッツ/グレナデン ライチ(Afzal)
ストロベリー||ラズベリー,ストロベリー,ラズベリー,1,1,https://shisha-lagos.com/af-strawberry-review/,ストロベリー,ラズベリー,ストロベリー -> ラズベリー,ブルーベリー/ラズベリー ココナッツ/グレナデン ライチ(Afzal)
ストロベリー||ローズ,ストロベリー,ローズ,1,1,https://shisha-lagos.com/af-strawberry-review/,ストロベリー,ローズ,ストロベリー -> ローズ,シナモン/ローズ
チョコレート||ミント,チョコレート,ミント,1,1,https://shisha-lagos.com/af-mint-review/,ミント,チョコレート,ミント -> チョコレート,バニラ/ミルク チョコレート
ハニー||ピーチ,ハニー,ピーチ,1,1,https://shisha-lagos.com/af-peach-review/,ピーチ,ハニー,ピーチ -> ハニー,バニラ/ミルク ハニー/ミルクティー
バナナ||バニラ,バナナ,バニラ,1,1,https://shisha-lagos.com/af-vanilla-review/,バニラ,バナナ,バニラ -> バナナ,ストロベリー/バナナ ピーチ/マンゴー ブルーベリー/ライチ 洋ナシ/ラズベリー メロン/すいか ココナッツ/オレンジ
バナナ||ピーチ,バナナ,ピーチ,1,1,https://shisha-lagos.com/af-peach-review/,ピーチ,バナナ,ピーチ -> バナナ,マンゴー/ココナッツ オレンジ/バナナ/ グアバ/ライチ グレナデン/レモン パッションフルーツ
バニラ||ミルク,バニラ,ミルク,1,1,https://shisha-lagos.com/af-vanilla-review/,バニラ,ミルク,バニラ -> ミルク,ミルク/コーヒー キャラメル ミルクティ
バニラ||ミント,バニラ,ミント,1,1,https://shisha-lagos.com/af-mint-review/,ミント,バニラ,ミント -> バニラ,バニラ/ミルク チョコレート
バニラ||ライチ,バニラ,ライチ,1,1,https://shisha-lagos.com/af-vanilla-review/,バニラ,ライチ,バニラ -> ライチ,ストロベリー/バナナ ピーチ/マンゴー ブルーベリー/ライチ 洋ナシ/ラズベリー メロン/すいか ココナッツ/オレンジ
バニラ||ラズベリー,バニラ,ラズベリー,1,1,https://shisha-lagos.com/af-vanilla-review/,バニラ,ラズベリー,バニラ -> ラズベリー,ストロベリー/バナナ ピーチ/マンゴー ブルーベリー/ライチ 洋ナシ/ラズベリー メロン/すいか ココナッツ/オレンジ
バニラ||ローズ,バニラ,ローズ,1,1,https://shisha-lagos.com/af-vanilla-review/,バニラ,ローズ,バニラ -> ローズ,チャイ/シナモン カルダモン アールグレイ ローズ
パッションフルーツ||ピーチ,パッションフルーツ,ピーチ,1,1,https://shisha-lagos.com/af-peach-review/,ピーチ,パッションフルーツ,ピーチ -> パッションフルーツ,マンゴー/ココナッツ オレンジ/バナナ/ グアバ/ライチ グレナデン/レモン パッションフルーツ
パッションフルーツ||ブルーベリー,パッションフルーツ,ブルーベリー,1,1,https://shisha-lagos.com/af-blueberry-review/,ブルーベリー,パッションフルーツ,ブルーベリー -> パッションフルーツ,ストロベリー/ザクロ ライチ パッションフルーツ ラズベリー/グアバ レモン/ココナッツ グレープ
パッションフルーツ||マンゴー,パッションフルーツ,マンゴー,1,1,https://shisha-lagos.com/af-mango-review/,マンゴー,パッションフルーツ,マンゴー -> パッションフルーツ,ピーチ/グアバ レモン/オレンジ ゆず/グレープ パッションフルーツ パイン/ココナッツ
パッションフルーツ||ミント,パッションフルーツ,ミント,1,1,https://shisha-lagos.com/af-mint-review/,ミント,パッションフルーツ,ミント -> パッションフルーツ,レモン/ライム/オレンジ グレープフルーツ/ゆず グアバ/マンゴー/ピーチ ブルーベリー/ラズベリー ライチ/キウイ/プラム パッションフルーツ パイン
ピーチ||ミルク,ピーチ,ミルク,1,1,https://shisha-lagos.com/af-peach-review/,ピーチ,ミルク,ピーチ -> ミルク,バニラ/ミルク ハニー/ミルクティー
ピーチ||ミント,ピーチ,ミント,1,1,https://shisha-lagos.com/af-mint-review/,ミント,ピーチ,ミント -> ピーチ,レモン/ライム/オレンジ グレープフルーツ/ゆず グアバ/マンゴー/ピーチ ブルーベリー/ラズベリー ライチ/キウイ/プラム パッションフルーツ パイン
ピーチ||メロン,ピーチ,メロン,1,1,https://shisha-lagos.com/af-melon-review/,メロン,ピーチ,メロン -> ピーチ,スイカ/グアバ オレンジ/レモン ピーチ/ココナッツ ライチ/マンゴー
ピーチ||ライチ,ピーチ,ライチ,1,1,https://shisha-lagos.com/af-peach-review/,ピーチ,ライチ,ピーチ -> ライチ,マンゴー/ココナッツ オレンジ/バナナ/ グアバ/ライチ グレナデン/レモン パッションフルーツ
ピーチ||レモン,ピーチ,レモン,1,1,https://shisha-lagos.com/af-peach-review/,ピーチ,レモン,ピーチ -> レモン,マンゴー/ココナッツ オレンジ/バナナ/ グアバ/ライチ グレナデン/レモン パッションフルーツ
ピーチ||ローズ,ピーチ,ローズ,1,1,https://shisha-lagos.com/af-peach-review/,ピーチ,ローズ,ピーチ -> ローズ,カルダモン/ジャスミン アールグレイ/ローズ
ブルーベリー||ミルク,ブルーベリー,ミルク,1,1,https://shisha-lagos.com/af-blueberry-review/,ブルーベリー,ミルク,ブルーベリー -> ミルク,バニラ/ミルク キャラメル
ブルーベリー||ミント,ブルーベリー,ミント,1,1,https://shisha-lagos.com/af-mint-review/,ミント,ブルーベリー,ミント -> ブルーベリー,レモン/ライム/オレンジ グレープフルーツ/ゆず グアバ/マンゴー/ピーチ ブルーベリー/ラズベリー ライチ/キウイ/プラム パッションフルーツ パイン
ブルーベリー||ライチ,ブルーベリー,ライチ,1,1,https://shisha-lagos.com/af-blueberry-review/,ブルーベリー,ライチ,ブルーベリー -> ライチ,ストロベリー/ザクロ ライチ パッションフルーツ ラズベリー/グアバ レモン/ココナッツ グレープ
ブルーベリー||ラズベリー,ブルーベリー,ラズベリー,1,1,https://shisha-lagos.com/af-blueberry-review/,ブルーベリー,ラズベリー,ブルーベリー -> ラズベリー,ストロベリー/ザクロ ライチ パッションフルーツ ラズベリー/グアバ レモン/ココナッツ グレープ
ブルーベリー||レモン,ブルーベリー,レモン,1,1,https://shisha-lagos.com/af-blueberry-review/,ブルーベリー,レモン,ブルーベリー -> レモン,ストロベリー/ザクロ ライチ パッションフルーツ ラズベリー/グアバ レモン/ココナッツ グレープ
ブルーベリー||ローズ,ブルーベリー,ローズ,1,1,https://shisha-lagos.com/af-blueberry-review/,ブルーベリー,ローズ,ブルーベリー -> ローズ,シナモン/カルダモン ジャスミン/ローズ
プラム||ミント,プラム,ミント,1,1,https://shisha-lagos.com/af-mint-review/,ミント,プラム,ミント -> プラム,レモン/ライム/オレンジ グレープフルーツ/ゆず グアバ/マンゴー/ピーチ ブルーベリー/ラズベリー ライチ/キウイ/プラム パッションフルーツ パイン
マンゴー||ミルク,マンゴー,ミルク,1,1,https://shisha-lagos.com/af-mango-review/,マンゴー,ミルク,マンゴー -> ミルク,バニラ/ミルク
マンゴー||ミント,マンゴー,ミント,1,1,https://shisha-lagos.com/af-mint-review/,ミント,マンゴー,ミント -> マンゴー,レモン/ライム/オレンジ グレープフルーツ/ゆず グアバ/マンゴー/ピーチ ブルーベリー/ラズベリー ライチ/キウイ/プラム パッションフルーツ パイン
マンゴー||メロン,マンゴー,メロン,1,1,https://shisha-lagos.com/af-melon-review/,メロン,マンゴー,メロン -> マンゴー,スイカ/グアバ オレンジ/レモン ピーチ/ココナッツ ライチ/マンゴー
マンゴー||レモン,マンゴー,レモン,1,1,https://shisha-lagos.com/af-mango-review/,マンゴー,レモン,マンゴー -> レモン,ピーチ/グアバ レモン/オレンジ ゆず/グレープ パッションフルーツ パイン/ココナッツ
ミルク||ミント,ミルク,ミント,1,1,https://shisha-lagos.com/af-mint-review/,ミント,ミルク,ミント -> ミルク,バニラ/ミルク チョコレート
ミルク||メロン,ミルク,メロン,1,1,https://shisha-lagos.com/af-melon-review/,メロン,ミルク,メロン -> ミルク,バニラ/ミルク キャラメル
ミント||ライチ,ミント,ライチ,1,1,https://shisha-lagos.com/af-mint-review/,ミント,ライチ,ミント -> ライチ,レモン/ライム/オレンジ グレープフルーツ/ゆず グアバ/マンゴー/ピーチ ブルーベリー/ラズベリー ライチ/キウイ/プラム パッションフルーツ パイン
ミント||ライム,ミント,ライム,1,1,https://shisha-lagos.com/af-mint-review/,ミント,ライム,ミント -> ライム,レモン/ライム/オレンジ グレープフルーツ/ゆず グアバ/マンゴー/ピーチ ブルーベリー/ラズベリー ライチ/キウイ/プラム パッションフルーツ パイン
ミント||ラズベリー,ミント,ラズベリー,1,1,https://shisha-lagos.com/af-mint-review/,ミント,ラズベリー,ミント -> ラズベリー,レモン/ライム/オレンジ グレープフルーツ/ゆず グアバ/マンゴー/ピーチ ブルーベリー/ラズベリー ライチ/キウイ/プラム パッションフルーツ パイン
ミント||レモン,ミント,レモン,1,1,https://shisha-lagos.com/af-mint-review/,ミント,レモン,ミント -> レモン,レモン/ライム/オレンジ グレープフルーツ/ゆず グアバ/マンゴー/ピーチ ブルーベリー/ラズベリー ライチ/キウイ/プラム パッションフルーツ パイン
ミント||ローズ,ミント,ローズ,1,1,https://shisha-lagos.com/af-mint-review/,ミント,ローズ,ミント -> ローズ,シナモン アールグレイ カルダモン ローズ ジャスミン
メロン||ライチ,メロン,ライチ,1,1,https://shisha-lagos.com/af-melon-review/,メロン,ライチ,メロン -> ライチ,スイカ/グアバ オレンジ/レモン ピーチ/ココナッツ ライチ/マンゴー
メロン||レモン,メロン,レモン,1,1,https://shisha-lagos.com/af-melon-review/,メロン,レモン,メロン -> レモン,スイカ/グアバ オレンジ/レモン ピーチ/ココナッツ ライチ/マンゴー
メロン||ローズ,メロン,ローズ,1,1,https://shisha-lagos.com/af-melon-review/,メロン,ローズ,メロン -> ローズ,カルダモン シナモン ローズ
